Mobile_Name,Mobile_Price,Rating,Image_URL
"Redmi Note 10 (Frost White, 4GB RAM, 64GB Storage) - Super Amoled Display | 48MP Sony Sensor IMX582 | Snapdragon 678 Processor","₹11,999",4.5 out of 5 stars,https://m.media-amazon.com/images/I/71yNlZ4dVZL._AC_UL320_.jpg
"Redmi Note 10 (Shadow Black, 4GB RAM, 64GB Storage) - Super Amoled Display | 48MP Sony Sensor IMX582 | Snapdragon 678 Processor","₹11,999",4.5 out of 5 stars,https://m.media-amazon.com/images/I/71IqJQM2stL._AC_UL320_.jpg
"Redmi Note 10 (Shadow Black, 6GB RAM, 128GB Storage) - Super Amoled Display | 48MP Sony Sensor IMX582 | Snapdragon 678 Processor","₹13,999",4.2 out of 5 stars,https://m.media-amazon.com/images/I/71IqJQM2stL._AC_UL320_.jpg
"Samsung Galaxy M12 (Blue,4GB RAM, 64GB Storage) 6000 mAh with 8nm Processor | True 48 MP Quad Camera | 90Hz Refresh Rate","₹10,999",3.8 out of 5 stars,https://m.media-amazon.com/images/I/71yYaNztZ0L._AC_UL320_.jpg
"Redmi Note 10 Pro Max (Glacial Blue, 6GB RAM, 128GB Storage) -108MP Quad Camera|120Hz Super Amoled Display |ICICI Cashback 1500 Off","₹12,999",4.0 out of 5 stars,https://m.media-amazon.com/images/I/719iIpuMQbL._AC_UL320_.jpg
"Redmi Note 10 Pro Max (Dark Night, 6GB RAM, 128GB Storage) -108MP Quad Camera|120Hz Super Amoled Display |ICICI Cashback 1500 Off","₹19,999",4.0 out of 5 stars,https://m.media-amazon.com/images/I/71KpSRjGKzL._AC_UL320_.jpg
"Redmi Note 10 (Frost White, 6GB RAM, 128GB Storage) - Super Amoled Display | 48MP Sony Sensor IMX582 | Snapdragon 678 Processor","₹19,999",4.1 out of 5 stars,https://m.media-amazon.com/images/I/71yNlZ4dVZL._AC_UL320_.jpg
"Redmi Note 9 (Pebble Grey, 4GB RAM 64GB Storage) - 48MP Quad Camera & Full HD+ Display","₹13,999",4.2 out of 5 stars,https://m.media-amazon.com/images/I/71X5I1cVfbL._AC_UL320_.jpg
"Redmi Note 10 Pro Max (Vintage Bronze, 6GB RAM, 128GB Storage) -108MP Quad Camera|120Hz Super Amoled Display |ICICI Cashback 1500 Off","₹10,999",4.2 out of 5 stars,https://m.media-amazon.com/images/I/71i5BHw4RYL._AC_UL320_.jpg
"Redmi Note 9 (Aqua Green, 4GB RAM, 64GB Storage) - 48MP Quad Camera & Full HD+ Display","₹14,999",4.2 out of 5 stars,https://m.media-amazon.com/images/I/71X5I1cVfbL._AC_UL320_.jpg
"Samsung Galaxy M31 (Ocean Blue, 6GB RAM, 128GB Storage)","₹19,999",4.3 out of 5 stars,https://m.media-amazon.com/images/I/71-Su4Wr0HL._AC_UL320_.jpg
"Samsung Galaxy M12 (Black,4GB RAM, 64GB Storage) 6000 mAh with 8nm Processor | True 48 MP Quad Camera | 90Hz Refresh Rate","₹10,999",3.8 out of 5 stars,https://m.media-amazon.com/images/I/714QWDxXgNL._AC_UL320_.jpg
"Redmi 9 Power (Blazing Blue, 4GB RAM, 64GB Storage) - 6000mAh Battery |FHD+ Screen| 48MP Quad Camera","₹14,999",4.1 out of 5 stars,https://m.media-amazon.com/images/I/71hEzQGO5qL._AC_UL320_.jpg
"Samsung Galaxy M12 (Blue,6GB RAM, 128GB Storage) 6000 mAh with 8nm Processor | True 48 MP Quad Camera | 90Hz Refresh Rate","₹16,499",3.8 out of 5 stars,https://m.media-amazon.com/images/I/71yYaNztZ0L._AC_UL320_.jpg
"Redmi Note 10 (Aqua Green, 6GB RAM, 128GB Storage) - Super Amoled Display | 48MP Sony Sensor IMX582 | Snapdragon 678 Processor","₹19,999",4.2 out of 5 stars,https://m.media-amazon.com/images/I/71Kmfs0T0BL._AC_UL320_.jpg
"Redmi Note 9 Pro Max (Interstellar Black, 6GB RAM, 64GB Storage) - 64MP Quad Camera & Alexa Hands-Free","₹10,999",4.2 out of 5 stars,https://m.media-amazon.com/images/I/71usqWEJleL._AC_UL320_.jpg
"Redmi Note 9 Shadow Black, 4GB RAM, 64GB Storage","₹12,999",4.2 out of 5 stars,https://m.media-amazon.com/images/I/71X5I1cVfbL._AC_UL320_.jpg
"Redmi Note 9 (Arctic White, 4GB RAM, 64GB Storage) - 48MP Quad Camera & Full HD+ Display","₹10,499",4.2 out of 5 stars,https://m.media-amazon.com/images/I/71X5I1cVfbL._AC_UL320_.jpg
Redmi 9 Power (Mighty Black 4GB RAM 64GB Storage) - 6000mAh Battery |FHD+ Screen | 48MP Quad Camera,"₹13,999",4.1 out of 5 stars,https://m.media-amazon.com/images/I/71hEzQGO5qL._AC_UL320_.jpg
"Oppo A31 (Mystery Black, 6GB RAM, 128GB Storage) with No Cost EMI/Additional Exchange Offers","₹13,499",4.2 out of 5 stars,https://m.media-amazon.com/images/I/71KCwNV6MuL._AC_UL320_.jpg
"Redmi Note 9 Pro (Interstellar Black, 4GB RAM, 64GB Storage)- Latest 8nm Snapdragon 720G & Alexa Hands-Free","₹15,499",4.2 out of 5 stars,https://m.media-amazon.com/images/I/81fwKtv0VHL._AC_UL320_.jpg
"OPPO A31 (Mystery Black, 4GB RAM, 64GB Storage) with No Cost EMI/Additional Exchange Offers","₹13,999",4.2 out of 5 stars,https://m.media-amazon.com/images/I/71KCwNV6MuL._AC_UL320_.jpg
"Redmi 9 Power (Electric Green, 4GB RAM, 64GB Storage) - 6000mAh Battery |FHD+ Screen| 48MP Quad Camera","₹14,999",4.1 out of 5 stars,https://m.media-amazon.com/images/I/71hEzQGO5qL._AC_UL320_.jpg
"OPPO A31 (Lake Green, 4GB RAM, 64GB Storage) with No Cost EMI/Additional Exchange Offers","₹18,999",4.2 out of 5 stars,https://m.media-amazon.com/images/I/71AHtKejSlL._AC_UL320_.jpg
"Samsung Galaxy M12 (Black,4GB RAM, 64GB Storage) 6000 mAh with 8nm Processor | True 48 MP Quad Camera | 90Hz Refresh Rate","₹10,999",3.8 out of 5 stars,https://m.media-amazon.com/images/I/714QWDxXgNL._AC_UL320_.jpg
"Redmi Note 10 (Frost White, 4GB RAM, 64GB Storage) - Super Amoled Display | 48MP Sony Sensor IMX582 | Snapdragon 678 Processor","₹14,999",4.5 out of 5 stars,https://m.media-amazon.com/images/I/71yNlZ4dVZL._AC_UL320_.jpg
"Redmi Note 10 (Shadow Black, 4GB RAM, 64GB Storage) - Super Amoled Display | 48MP Sony Sensor IMX582 | Snapdragon 678 Processor","₹10,999",4.5 out of 5 stars,https://m.media-amazon.com/images/I/71IqJQM2stL._AC_UL320_.jpg
"Redmi Note 10 (Shadow Black, 6GB RAM, 128GB Storage) - Super Amoled Display | 48MP Sony Sensor IMX582 | Snapdragon 678 Processor","₹14,999",4.2 out of 5 stars,https://m.media-amazon.com/images/I/71IqJQM2stL._AC_UL320_.jpg
"Samsung Galaxy M12 (Blue,4GB RAM, 64GB Storage) 6000 mAh with 8nm Processor | True 48 MP Quad Camera | 90Hz Refresh Rate","₹10,499",3.8 out of 5 stars,https://m.media-amazon.com/images/I/71yYaNztZ0L._AC_UL320_.jpg
"Redmi Note 10 Pro Max (Glacial Blue, 6GB RAM, 128GB Storage) -108MP Quad Camera|120Hz Super Amoled Display |ICICI Cashback 1500 Off","₹13,999",4.0 out of 5 stars,https://m.media-amazon.com/images/I/719iIpuMQbL._AC_UL320_.jpg
"Redmi Note 10 Pro Max (Dark Night, 6GB RAM, 128GB Storage) -108MP Quad Camera|120Hz Super Amoled Display |ICICI Cashback 1500 Off","₹11,990",4.0 out of 5 stars,https://m.media-amazon.com/images/I/71KpSRjGKzL._AC_UL320_.jpg
"Redmi Note 10 (Frost White, 6GB RAM, 128GB Storage) - Super Amoled Display | 48MP Sony Sensor IMX582 | Snapdragon 678 Processor","₹15,990",4.1 out of 5 stars,https://m.media-amazon.com/images/I/71yNlZ4dVZL._AC_UL320_.jpg
"Redmi Note 9 (Pebble Grey, 4GB RAM 64GB Storage) - 48MP Quad Camera & Full HD+ Display","₹12,999",4.2 out of 5 stars,https://m.media-amazon.com/images/I/71X5I1cVfbL._AC_UL320_.jpg
"Redmi Note 10 Pro Max (Vintage Bronze, 6GB RAM, 128GB Storage) -108MP Quad Camera|120Hz Super Amoled Display |ICICI Cashback 1500 Off","₹16,999",4.2 out of 5 stars,https://m.media-amazon.com/images/I/71i5BHw4RYL._AC_UL320_.jpg
"Redmi Note 9 (Aqua Green, 4GB RAM, 64GB Storage) - 48MP Quad Camera & Full HD+ Display","₹10,990",4.2 out of 5 stars,https://m.media-amazon.com/images/I/71X5I1cVfbL._AC_UL320_.jpg
"Samsung Galaxy M31 (Ocean Blue, 6GB RAM, 128GB Storage)","₹12,990",4.3 out of 5 stars,https://m.media-amazon.com/images/I/71-Su4Wr0HL._AC_UL320_.jpg
"Samsung Galaxy M12 (Black,4GB RAM, 64GB Storage) 6000 mAh with 8nm Processor | True 48 MP Quad Camera | 90Hz Refresh Rate","₹10,499",3.8 out of 5 stars,https://m.media-amazon.com/images/I/714QWDxXgNL._AC_UL320_.jpg
"Redmi 9 Power (Blazing Blue, 4GB RAM, 64GB Storage) - 6000mAh Battery |FHD+ Screen| 48MP Quad Camera","₹13,999",4.1 out of 5 stars,https://m.media-amazon.com/images/I/71hEzQGO5qL._AC_UL320_.jpg
"Samsung Galaxy M12 (Blue,6GB RAM, 128GB Storage) 6000 mAh with 8nm Processor | True 48 MP Quad Camera | 90Hz Refresh Rate","₹10,990",3.8 out of 5 stars,https://m.media-amazon.com/images/I/71yYaNztZ0L._AC_UL320_.jpg
"Redmi Note 10 (Aqua Green, 6GB RAM, 128GB Storage) - Super Amoled Display | 48MP Sony Sensor IMX582 | Snapdragon 678 Processor","₹12,990",4.2 out of 5 stars,https://m.media-amazon.com/images/I/71Kmfs0T0BL._AC_UL320_.jpg
"Redmi Note 9 Pro Max (Interstellar Black, 6GB RAM, 64GB Storage) - 64MP Quad Camera & Alexa Hands-Free","₹10,999",4.2 out of 5 stars,https://m.media-amazon.com/images/I/71usqWEJleL._AC_UL320_.jpg
"Redmi Note 9 Shadow Black, 4GB RAM, 64GB Storage","₹12,999",4.2 out of 5 stars,https://m.media-amazon.com/images/I/71X5I1cVfbL._AC_UL320_.jpg
"Redmi Note 9 (Arctic White, 4GB RAM, 64GB Storage) - 48MP Quad Camera & Full HD+ Display","₹11,999",4.2 out of 5 stars,https://m.media-amazon.com/images/I/71X5I1cVfbL._AC_UL320_.jpg
Redmi 9 Power (Mighty Black 4GB RAM 64GB Storage) - 6000mAh Battery |FHD+ Screen | 48MP Quad Camera,"₹11,999",4.1 out of 5 stars,https://m.media-amazon.com/images/I/71hEzQGO5qL._AC_UL320_.jpg
"Oppo A31 (Mystery Black, 6GB RAM, 128GB Storage) with No Cost EMI/Additional Exchange Offers","₹13,999",4.2 out of 5 stars,https://m.media-amazon.com/images/I/71KCwNV6MuL._AC_UL320_.jpg
"Redmi Note 9 Pro (Interstellar Black, 4GB RAM, 64GB Storage)- Latest 8nm Snapdragon 720G & Alexa Hands-Free","₹10,999",4.2 out of 5 stars,https://m.media-amazon.com/images/I/81fwKtv0VHL._AC_UL320_.jpg
"OPPO A31 (Mystery Black, 4GB RAM, 64GB Storage) with No Cost EMI/Additional Exchange Offers","₹12,999",4.2 out of 5 stars,https://m.media-amazon.com/images/I/71KCwNV6MuL._AC_UL320_.jpg
"Redmi 9 Power (Electric Green, 4GB RAM, 64GB Storage) - 6000mAh Battery |FHD+ Screen| 48MP Quad Camera","₹19,999",4.1 out of 5 stars,https://m.media-amazon.com/images/I/71hEzQGO5qL._AC_UL320_.jpg
"OPPO A31 (Lake Green, 4GB RAM, 64GB Storage) with No Cost EMI/Additional Exchange Offers","₹19,999",4.2 out of 5 stars,https://m.media-amazon.com/images/I/71AHtKejSlL._AC_UL320_.jpg
"OPPO A31 (Fantasy White, 4GB RAM, 64GB Storage) with No Cost EMI/Additional Exchange Offers","₹13,999",4.2 out of 5 stars,https://m.media-amazon.com/images/I/61IhTtJUXJL._AC_UL320_.jpg
"Oppo A31 (Fantasy White, 6GB RAM, 128GB Storage) with No Cost EMI/Additional Exchange Offers","₹10,999",4.2 out of 5 stars,https://m.media-amazon.com/images/I/61IhTtJUXJL._AC_UL320_.jpg
"Redmi Note 9 Pro (Interstellar Black, 4GB RAM, 128GB Storage) - Latest 8nm Snapdragon 720G & Alexa Hands-Free","₹14,999",4.2 out of 5 stars,https://m.media-amazon.com/images/I/81fwKtv0VHL._AC_UL320_.jpg
"Samsung Galaxy M31s (Mirage Blue, 6GB RAM, 128GB Storage)","₹19,999",4.3 out of 5 stars,https://m.media-amazon.com/images/I/61d-phh4GfL._AC_UL320_.jpg
"Samsung Galaxy M12 (Black,6GB RAM, 128GB Storage) 6000 mAh with 8nm Processor | True 48 MP Quad Camera | 90Hz Refresh Rate","₹10,999",3.8 out of 5 stars,https://m.media-amazon.com/images/I/714QWDxXgNL._AC_UL320_.jpg
"Samsung Galaxy M21 (Midnight Blue, 4GB RAM, 64GB Storage)","₹14,999",4.2 out of 5 stars,https://m.media-amazon.com/images/I/71dujTTJDZL._AC_UL320_.jpg
"Redmi Note 10 (Aqua Green, 4GB RAM, 64GB Storage) - Super Amoled Display | 48MP Sony Sensor IMX582 | Snapdragon 678 Processor","₹16,499",4.3 out of 5 stars,https://m.media-amazon.com/images/I/71Kmfs0T0BL._AC_UL320_.jpg
"Samsung Galaxy M31 (Iceberg Blue, 6GB RAM, 128GB Storage)","₹19,999",4.3 out of 5 stars,https://m.media-amazon.com/images/I/71ZsMOcpePL._AC_UL320_.jpg
"Samsung Galaxy M31s (Mirage Black, 6GB RAM, 128GB Storage)","₹10,999",3.8 out of 5 stars,https://m.media-amazon.com/images/I/71BFG8Zu7zL._AC_UL320_.jpg
"Samsung Galaxy M12 (White,4GB RAM, 64GB Storage) 6000 mAh with 8nm Processor | True 48 MP Quad Camera | 90Hz Refresh Rate","₹12,999",4.2 out of 5 stars,https://m.media-amazon.com/images/I/71PVpFc7FwL._AC_UL320_.jpg
"Samsung Galaxy M21 (Raven Black, 4GB RAM, 64GB Storage)","₹10,499",4.2 out of 5 stars,https://m.media-amazon.com/images/I/71QLvGIAq5L._AC_UL320_.jpg
"Samsung Galaxy M21 (Raven Black, 6GB RAM, 128GB Storage)","₹13,999",4.6 out of 5 stars,https://m.media-amazon.com/images/I/71QLvGIAq5L._AC_UL320_.jpg
"Redmi Note 10 Pro (Vintage Bronze, 6GB RAM, 128GB Storage) -120Hz Super Amoled Display | 64MP Camera with 5MP Super Tele-Macro | ICICI Cashback 1000 Off","₹13,499",4.1 out of 5 stars,https://m.media-amazon.com/images/I/71QlPGLia-L._AC_UL320_.jpg
"Redmi 9 Power (Mighty Black, 6GB RAM, 128GB Storage) - 6000mAh Battery |FHD+ Screen| 48MP Quad Camera | Snapdragon 662 Processor","₹15,499",4.2 out of 5 stars,https://m.media-amazon.com/images/I/61LHaUOhehL._AC_UL320_.jpg
"Redmi Note 9 Pro Max (Champagne Gold, 6GB RAM, 128GB Storage) - 64MP Quad Camera & Latest 8nm Snapdragon 720G & Alexa Hands-Free","₹13,999",4.1 out of 5 stars,https://m.media-amazon.com/images/I/71usqWEJleL._AC_UL320_.jpg
"Redmi 9 Power (Blazing Blue, 6GB RAM, 128GB Storage) - 6000mAh Battery |FHD+ Screen | 48MP Quad Camera | Snapdragon 662 Processor","₹14,999",4.2 out of 5 stars,https://m.media-amazon.com/images/I/71hEzQGO5qL._AC_UL320_.jpg
"Redmi Note 9 Pro (Glacier White, 4GB RAM, 64GB Storage) - Latest 8nm Snapdragon 720G & Alexa Hands-Free","₹18,999",3.8 out of 5 stars,https://m.media-amazon.com/images/I/81fwKtv0VHL._AC_UL320_.jpg
"Samsung Galaxy M12 (White,6GB RAM, 128GB Storage) 6000 mAh with 8nm Processor | True 48 MP Quad Camera | 90Hz Refresh Rate","₹10,999",4.1 out of 5 stars,https://m.media-amazon.com/images/I/71PVpFc7FwL._AC_UL320_.jpg
"Redmi 9 Power (Fiery Red, 4GB RAM, 64GB Storage) - 6000mAh Battery |FHD+ Screen| 48MP Quad Camera","₹14,999",4.2 out of 5 stars,https://m.media-amazon.com/images/I/71hEzQGO5qL._AC_UL320_.jpg
"Redmi Note 9 Pro (Champagne Gold, 4GB RAM, 64GB Storage) - Latest 8nm Snapdragon 720G & Alexa Hands-Free","₹10,999",4.1 out of 5 stars,https://m.media-amazon.com/images/I/81fwKtv0VHL._AC_UL320_.jpg
"Realme 7 (Mist Blue, 64 GB) (6 GB RAM)","₹14,999",4.2 out of 5 stars,https://m.media-amazon.com/images/I/31El3mZBGQL._AC_UL320_.jpg
"Redmi 9 Prime (Sunrise Flare, 4GB RAM, 128GB Storage) - Full HD+ Display & AI Quad Camera","₹10,499",4.3 out of 5 stars,https://m.media-amazon.com/images/I/71U2SiHgbiL._AC_UL320_.jpg
"Samsung Galaxy M31 (Space Black, 6GB RAM, 64GB Storage)","₹13,999",4.1 out of 5 stars,https://m.media-amazon.com/images/I/71OxJeyywSL._AC_UL320_.jpg
"Redmi 9 Power (Blazing Blue, 4GB RAM, 128GB Storage) - 6000mAh Battery |FHD+ Screen| 48MP Quad Camera | Snapdragon 662 Processor","₹11,990",4.2 out of 5 stars,https://m.media-amazon.com/images/I/71hEzQGO5qL._AC_UL320_.jpg
"Redmi 9 Prime (Matte Black, 4GB RAM, 128GB Storage) - Full HD+ Display & AI Quad Camera","₹15,990",4.2 out of 5 stars,https://m.media-amazon.com/images/I/71U2SiHgbiL._AC_UL320_.jpg
"Redmi Note 9 (Aqua Green, 4GB RAM 128GB Storage) - 48MP Quad Camera & Full HD+ Display","₹12,999",4.1 out of 5 stars,https://m.media-amazon.com/images/I/71X5I1cVfbL._AC_UL320_.jpg
"Redmi 9 Power (Mighty Black, 4GB RAM, 128GB Storage) - 6000mAh Battery |FHD+ Screen| 48MP Quad Camera | Snapdragon 662 Processor","₹16,999",4.2 out of 5 stars,https://m.media-amazon.com/images/I/71hEzQGO5qL._AC_UL320_.jpg
"Oppo A52 (Twilight Black, 6GB RAM, 128GB Storage) with No Cost EMI/Additional Exchange Offers","₹10,990",4.2 out of 5 stars,https://m.media-amazon.com/images/I/71FPmXaDfbL._AC_UL320_.jpg
"Redmi Note 9 Pro Max (Aurora Blue, 6GB RAM, 128GB Storage) - 64MP Quad Camera & Latest 8nm Snapdragon 720G & Alexa Hands-Free","₹12,990",4.2 out of 5 stars,https://m.media-amazon.com/images/I/71usqWEJleL._AC_UL320_.jpg
"Redmi Note 9 Pro Max (Aurora Blue, 6GB RAM, 64GB Storage)- 64MP Quad Camera & Alexa Hands-Free","₹10,499",4.2 out of 5 stars,https://m.media-amazon.com/images/I/71usqWEJleL._AC_UL320_.jpg
"Samsung Galaxy M21 (Iceberg Blue, 4GB RAM, 64GB Storage)","₹13,999",4.2 out of 5 stars,https://m.media-amazon.com/images/I/71vvUDCY4PL._AC_UL320_.jpg
"OPPO A52 (Stream White, 6GB RAM, 128GB Storage) with No Cost EMI/Additional Exchange Offers","₹10,990",4.1 out of 5 stars,https://m.media-amazon.com/images/I/71RadpHBLhL._AC_UL320_.jpg
"Samsung Galaxy M11 (Metallic Blue, 4GB RAM, 64GB Storage) with No Cost EMI/Additional Exchange Offers","₹12,990",4.1 out of 5 stars,https://m.media-amazon.com/images/I/71hqi389rcL._AC_UL320_.jpg
"Samsung Galaxy M11 (Black, 4GB RAM, 64GB Storage) with No Cost EMI/Additional Exchange Offers","₹10,990",4.1 out of 5 stars,https://m.media-amazon.com/images/I/71K413NPv9L._AC_UL320_.jpg
"Redmi 9 Power (Electric Green, 4GB RAM, 128GB Storage) - 6000mAh Battery|FHD+ Screen | 48MP Quad Camera | Snapdragon 662 Processor","₹12,990",4.3 out of 5 stars,https://m.media-amazon.com/images/I/71hEzQGO5qL._AC_UL320_.jpg
"Redmi Note 8 (Neptune Blue, 4GB RAM, 64GB Storage) | Snapdragon 665 Processor | 48 MP Quad Camera","₹11,990",4.2 out of 5 stars,https://m.media-amazon.com/images/I/61Z-7BVaFUL._AC_UL320_.jpg
"Vivo Y31 (Ocean Blue, 6GB, 128GB Storage) with No Cost EMI/Additional Exchange Offers","₹15,990",4.2 out of 5 stars,https://m.media-amazon.com/images/I/71YW54xTE1L._AC_UL320_.jpg
"Realme 6i (Eclipse Black, 6GB RAM, 64GB Storage)","₹13,999",4.1 out of 5 stars,https://m.media-amazon.com/images/I/41qFZCl0rEL._AC_UL320_.jpg
"Realme 7 (Mist Blue, 128 GB) (8 GB RAM)","₹17,999",4.2 out of 5 stars,https://m.media-amazon.com/images/I/31El3mZBGQL._AC_UL320_.jpg
"Vivo Y20 (Purist Blue, 4GB RAM, 64GB Storage) with No Cost EMI/Additional Exchange Offers","₹18,499",4.2 out of 5 stars,https://m.media-amazon.com/images/I/51GkdMbNKfL._AC_UL320_.jpg
"Vivo Y30 (Emerald Black, 4GB RAM, 128GB Storage) with No Cost EMI/Additional Exchange Offers","₹22,999",4.2 out of 5 stars,https://m.media-amazon.com/images/I/61424WwLFjL._AC_UL320_.jpg
"Vivo Y20 (Obsidian Black, 4GB RAM, 64GB Storage) with No Cost EMI/Additional Exchange Offers","₹13,499",3.9 out of 5 stars,https://m.media-amazon.com/images/I/71SVzNmepQL._AC_UL320_.jpg
"Vivo Y51A (Titanium Sapphire, 8GB, 128GB Storage) with No Cost EMI/Additional Exchange Offers","₹15,499",4.0 out of 5 stars,https://m.media-amazon.com/images/I/71BRHXBME2L._AC_UL320_.jpg
"Vivo V20 SE Aquamarine Green, 8GB RAM, 128GB Storage","₹13,999",4.2 out of 5 stars,https://m.media-amazon.com/images/I/61vIXtqnXSL._AC_UL320_.jpg
"Vivo Y31 (Racing Black, 6GB, 128GB Storage) with No Cost EMI/Additional Exchange Offers","₹15,999",4.3 out of 5 stars,https://m.media-amazon.com/images/I/61SqqzpSWTL._AC_UL320_.jpg
"Redmi Note 8 (Moonlight White, 4GB RAM, 64GB Storage) | Snapdragon 665 Processor | 48 MP Quad Camera","₹11,999",4.2 out of 5 stars,https://m.media-amazon.com/images/I/61K6JcPwbQL._AC_UL320_.jpg
"Realme 7 (Mist White, 128 GB) (8 GB RAM)","₹16,499",4.2 out of 5 stars,https://m.media-amazon.com/images/I/31A7BDld35L._AC_UL320_.jpg
"Redmi Note 9 Pro Max (Glacier White, 6GB RAM, 128GB Storage) - 64MP Quad Camera & Latest 8nm Snapdragon 720G & Alexa Hands-Free","₹19,999",3.8 out of 5 stars,https://m.media-amazon.com/images/I/71usqWEJleL._AC_UL320_.jpg
"Samsung Galaxy M12 (Black,4GB RAM, 64GB Storage) 6000 mAh with 8nm Processor | True 48 MP Quad Camera | 90Hz Refresh Rate","₹18,499",3.6 out of 5 stars,https://m.media-amazon.com/images/I/714QWDxXgNL._AC_UL320_.jpg
"Gionee A1 Lite 1618GI (Gold, 32GB)","₹22,999",4.2 out of 5 stars,https://m.media-amazon.com/images/I/81liwLMTJ7L._AC_UL320_.jpg
"Vivo Y20 (Purist Blue, 6GB RAM, 64GB Storage) with No Cost EMI/Additional Exchange Offers","₹10,999",4.0 out of 5 stars,https://m.media-amazon.com/images/I/51GkdMbNKfL._AC_UL320_.jpg
"Vivo Y20G (Purist Blue, 6GB, 128GB Storage) with No Cost EMI/Additional Exchange Offers","₹12,999",4.3 out of 5 stars,https://m.media-amazon.com/images/I/51YRlT-paHL._AC_UL320_.jpg
"Redmi Note 8 (Space Black, 4GB RAM, 64GB Storage) | Snapdragon 665 Processor | 48 MP Quad Camera","₹13,999",4.0 out of 5 stars,https://m.media-amazon.com/images/I/61wXFmyMLQL._AC_UL320_.jpg
"Vivo V20 SE Gravity Black, 8GB RAM, 128GB Storage","₹15,999",4.0 out of 5 stars,https://m.media-amazon.com/images/I/51MKKpo0GDL._AC_UL320_.jpg
"Realme 7 Pro (Mirror Silver, 6GB RAM, 128GB Storage)","₹17,199",4.0 out of 5 stars,https://m.media-amazon.com/images/I/41+YvnNeAJL._AC_UL320_.jpg
"Realme C15 (Power Blue, 4GB RAM, 64GB Storage)","₹16,999",4.2 out of 5 stars,https://m.media-amazon.com/images/I/41oIVOfpZwL._AC_UL320_.jpg
"Vivo Y20 (Dawn White, 4GB RAM, 64GB Storage) with No Cost EMI/Additional Exchange Offers","₹12,999",4.1 out of 5 stars,https://m.media-amazon.com/images/I/710zedIX2RL._AC_UL320_.jpg
"Samsung Galaxy M11 (Violet, 4GB RAM, 64GB Storage) with No Cost EMI/Additional Exchange Offers","₹16,999",4.0 out of 5 stars,https://m.media-amazon.com/images/I/718dLm80KcL._AC_UL320_.jpg
"OPPO A15s (Rainbow Silver, 4GB RAM, 64GB Storage) With No Cost EMI/Additional Exchange Offers","₹17,499",3.8 out of 5 stars,https://m.media-amazon.com/images/I/71zbz1O+hqL._AC_UL320_.jpg
"Samsung Galaxy A21s (Black, 4GB RAM, 64GB Storage) with No Cost EMI/Additional Exchange Offers","₹20,999",4.2 out of 5 stars,https://m.media-amazon.com/images/I/81zb1bxd6NL._AC_UL320_.jpg
"Vivo Y20i (Nebula Blue, 3GB RAM, 64GB Storage) with No Cost EMI/Additional Exchange Offers","₹12,999",4.0 out of 5 stars,https://m.media-amazon.com/images/I/71INGYhIf0L._AC_UL320_.jpg
"OPPO A15s (Dynamic Black, 4GB RAM, 64GB Storage) With No Cost EMI/Additional Exchange Offers","₹16,999",4.1 out of 5 stars,https://m.media-amazon.com/images/I/7136zgtNmJL._AC_UL320_.jpg
"OPPO A53 (Electric Black, 4GB RAM, 64GB Storage)","₹13,499",3.3 out of 5 stars,https://m.media-amazon.com/images/I/71pu5oj8MvL._AC_UL320_.jpg
"Coolpad Cool 6 Silver, 4GB RAM, 64GB Storage","₹15,499",3.3 out of 5 stars,https://m.media-amazon.com/images/I/61R1y8EotxL._AC_UL320_.jpg
"LG W41 (Magic Blue, 48 MP Quad Camera, 4GB RAM, 64GB Storage)","₹10,499",3.8 out of 5 stars,https://m.media-amazon.com/images/I/614+W18ms+L._AC_UL320_.jpg
"Samsung Galaxy A21s (Blue, 4GB RAM, 64GB Storage) with No Cost EMI/Additional Exchange Offers","₹13,999",4.0 out of 5 stars,https://m.media-amazon.com/images/I/811RH5e-snL._AC_UL320_.jpg
"Samsung Galaxy M20 (Ocean Blue , 4GB RAM, 64GB Storage, 5000mAH Battery)","₹12,999",4.1 out of 5 stars,https://m.media-amazon.com/images/I/61nzw1i2taL._AC_UL320_.jpg
"Redmi 9 Power (Fiery Red, 4GB RAM, 128GB Storage) - 6000mAh Battery |FHD+ Screen| 48MP Quad Camera | Snapdragon 662 Processor","₹16,999",4.0 out of 5 stars,https://m.media-amazon.com/images/I/71hEzQGO5qL._AC_UL320_.jpg
"Realme 7 Pro (Mirror Blue, 128 GB) (6 GB RAM)","₹13,989",4.1 out of 5 stars,https://m.media-amazon.com/images/I/41OSd5k+rML._AC_UL320_.jpg
"Samsung Galaxy A31 (Prism Crush White, 6GB RAM, 128GB Storage) with No Cost EMI/Additional Exchange Offers","₹16,999",3.9 out of 5 stars,https://m.media-amazon.com/images/I/816-h37brML._AC_UL320_.jpg
"Vivo Y51A (Crystal Symphony, 8GB, 128GB Storage) with No Cost EMI/Additional Exchange Offers","₹10,999",4.2 out of 5 stars,https://m.media-amazon.com/images/I/71qS3BpgZTL._AC_UL320_.jpg
"Realme 7 (Mist White, 64 GB) (6 GB RAM)","₹13,999",3.5 out of 5 stars,https://m.media-amazon.com/images/I/31A7BDld35L._AC_UL320_.jpg
"Gionee A1 Lite (Black, 3GB RAM, 32GB Storage)","₹15,999",3.8 out of 5 stars,https://m.media-amazon.com/images/I/71FECXAzWZL._AC_UL320_.jpg
"Samsung Galaxy M12 (Black,4GB RAM, 64GB Storage) 6000 mAh with 8nm Processor | True 48 MP Quad Camera | 90Hz Refresh Rate","₹18,999",3.9 out of 5 stars,https://m.media-amazon.com/images/I/714QWDxXgNL._AC_UL320_.jpg
"Tecno Spark 5 Pro (Seabed Blue, 4GB RAM, 64GB Storage)","₹11,999",4.3 out of 5 stars,https://m.media-amazon.com/images/I/81sXQ5gXL3L._AC_UL320_.jpg
"Redmi Note 8 Pro (Halo White, 6GB RAM, 128GB Storage with Helio G90T Processor)","₹15,999",3.9 out of 5 stars,https://m.media-amazon.com/images/I/61ACGAKmw3L._AC_UL320_.jpg
"Oppo F17 (Classic Silver, 6GB RAM, 128GB Storage) with No Cost EMI/Additional Exchange Offers","₹10,999",4.2 out of 5 stars,https://m.media-amazon.com/images/I/81Nv7yT879L._AC_UL320_.jpg
"Vivo Y20 (Obsidian Black, 6GB RAM, 64GB Storage) with No Cost EMI/Additional Exchange Offers","₹13,999",4.2 out of 5 stars,https://m.media-amazon.com/images/I/71SVzNmepQL._AC_UL320_.jpg
"Redmi Note 9 Pro Max (Glacier White, 6GB RAM, 64GB Storage) - 64MP Quad Camera & Alexa Hands-Free","₹12,999",4.2 out of 5 stars,https://m.media-amazon.com/images/I/71usqWEJleL._AC_UL320_.jpg
"Vivo V19 Mystic Silver, 8GB RAM, 128GB Storage","₹16,499",4.3 out of 5 stars,https://m.media-amazon.com/images/I/61T9jicrIKL._AC_UL320_.jpg
"Redmi Note 8 (Cosmic Purple, 4GB RAM, 64GB Storage) | Snapdragon 665 Processor | 48 MP Quad Camera","₹11,999",4.2 out of 5 stars,https://m.media-amazon.com/images/I/81+0t7kNmCL._AC_UL320_.jpg
"Vivo Y20i (Dawn White, 3GB RAM, 64GB Storage) with No Cost EMI/Additional Exchange Offers","₹15,999",4.0 out of 5 stars,https://m.media-amazon.com/images/I/717Emf13NSL._AC_UL320_.jpg
"OPPO A15s (Fancy White, 4GB RAM, 64GB Storage) with No Cost EMI/Additional Exchange Offers","₹14,990",4.1 out of 5 stars,https://m.media-amazon.com/images/I/71UnRvRqfxL._AC_UL320_.jpg
"OPPO A53 (Fairy White, 4GB RAM, 64GB Storage)","₹19,990",4.3 out of 5 stars,https://m.media-amazon.com/images/I/71cnZVgDIoL._AC_UL320_.jpg
"Redmi Note 8 Pro (Gamma Green, 6GB RAM, 128GB Storage with Helio G90T Processor)","₹17,499",4.3 out of 5 stars,https://m.media-amazon.com/images/I/81dFFSBIpxL._AC_UL320_.jpg
"Redmi Note 8 Pro (Shadow Black, 6GB RAM, 128GB Storage with Helio G90T Processor)","₹20,999",4.3 out of 5 stars,https://m.media-amazon.com/images/I/71eq+o0JBlL._AC_UL320_.jpg
mi poco x3 6gb 128gb blue,"₹13,999",4.0 out of 5 stars,https://m.media-amazon.com/images/I/81bGAxhmtoL._AC_UL320_.jpg
"Realme Narzo 20 Pro (Black Ninja, 8 GB RAM, 128 GB Storage)","₹15,999",3.9 out of 5 stars,https://m.media-amazon.com/images/I/71pf3cHlQYL._AC_UL320_.jpg
"Samsung Galaxy A12 (Black,4GB RAM, 64GB Storage) with No Cost EMI/Additional Exchange Offers","₹14,990",3.9 out of 5 stars,https://m.media-amazon.com/images/I/91dUPqvXhbL._AC_UL320_.jpg
"Motorola E7 Plus (Misty Blue, 64 GB) (4 GB RAM)","₹19,990",4.0 out of 5 stars,https://m.media-amazon.com/images/I/31JY0TfJ7ZL._AC_UL320_.jpg
"Vivo Y20G (Obsidiant Black, 6GB, 128GB Storage) with No Cost EMI/Additional Exchange Offers","₹10,999",4.1 out of 5 stars,https://m.media-amazon.com/images/I/5108+4rkSEL._AC_UL320_.jpg
"OPPO A53 (Fancy Blue, 6GB RAM, 128GB Storage)","₹14,999",3.3 out of 5 stars,https://m.media-amazon.com/images/I/71QJyXZYPuL._AC_UL320_.jpg
"Coolpad Cool 6 Blue, 6GB RAM, 128GB Storage","₹10,999",4.0 out of 5 stars,https://m.media-amazon.com/images/I/61jyh1JTIsL._AC_UL320_.jpg
"realme Narzo 20 Victory Blue, 4GB RAM, 128GB Storage","₹14,999",3.9 out of 5 stars,https://m.media-amazon.com/images/I/814EHBaMleL._AC_UL320_.jpg
"Samsung Galaxy A12 (Black,4GB RAM, 128GB Storage) with No Cost EMI/Additional Exchange Offers","₹11,999",4.3 out of 5 stars,https://m.media-amazon.com/images/I/91dUPqvXhbL._AC_UL320_.jpg
"Redmi Note 8 Pro (Electric Blue, 6GB RAM, 128GB Storage with Helio G90T Processor)","₹15,999",3.9 out of 5 stars,https://m.media-amazon.com/images/I/51da+8RxEWL._AC_UL320_.jpg
"Samsung Galaxy A12 (Blue,4GB RAM, 128GB Storage) with No Cost EMI/Additional Exchange Offers","₹16,490",3.9 out of 5 stars,https://m.media-amazon.com/images/I/91te-9mP2JL._AC_UL320_.jpg
"Samsung Galaxy A12 (Blue,4GB RAM, 64GB Storage) with No Cost EMI/Additional Exchange Offers","₹20,490",3.8 out of 5 stars,https://m.media-amazon.com/images/I/91te-9mP2JL._AC_UL320_.jpg
"Samsung Galaxy M12 (Black,4GB RAM, 64GB Storage) 6000 mAh with 8nm Processor | True 48 MP Quad Camera | 90Hz Refresh Rate","₹13,180",3.8 out of 5 stars,https://m.media-amazon.com/images/I/714QWDxXgNL._AC_UL320_.jpg
"Nokia 3.4 (Charcoal, 4GB RAM, 64GB Storage) with No Cost EMI/Additional Exchange Offers","₹14,999",4.1 out of 5 stars,https://m.media-amazon.com/images/I/61hB7i2DHFL._AC_UL320_.jpg
"Realme C12 (Power Blue, 64 GB) (4 GB RAM)","₹16,531",4.0 out of 5 stars,https://m.media-amazon.com/images/I/31X1+mh8zPL._AC_UL320_.jpg
"Realme C15 (Power Silver, 4GB RAM, 64GB Storage)","₹20,999",4.0 out of 5 stars,https://m.media-amazon.com/images/I/317RQHcH00L._AC_UL320_.jpg
"Realme Narzo 20 Pro (White Knight, 6 GB RAM, 64 GB Storage)","₹12,990",4.0 out of 5 stars,https://m.media-amazon.com/images/I/51sIOPfL-OL._AC_UL320_.jpg
"Vivo Y20G (Purist Blue, 4GB, 64GB Storage) with No Cost EMI/Additional Exchange Offers","₹16,990",4.2 out of 5 stars,https://m.media-amazon.com/images/I/51YRlT-paHL._AC_UL320_.jpg
"POCO M3 (Cool Blue, 6GB RAM, 64GB Storage)","₹13,990",4.3 out of 5 stars,https://m.media-amazon.com/images/I/81zpR-AecqL._AC_UL320_.jpg
"Redmi Note 8 Pro (Electric Blue, 6GB RAM, 64GB Storage with Helio G90T Processor)","₹18,990",3.9 out of 5 stars,https://m.media-amazon.com/images/I/51da+8RxEWL._AC_UL320_.jpg
"Oppo F17 (Navy Blue, 8GB RAM, 128GB Storage) with No Cost EMI/Additional Exchange Offers","₹12,990",3.8 out of 5 stars,https://m.media-amazon.com/images/I/81lDF673d9L._AC_UL320_.jpg
"Nokia 3.4 (Fjord, 4GB RAM, 64GB Storage) with No Cost EMI/Additional Exchange Offers","₹16,990",4.0 out of 5 stars,https://m.media-amazon.com/images/I/61212mlHPVL._AC_UL320_.jpg
"Realme Narzo 20 Pro (Black Ninja, 6GB RAM, 64GB Storage)","₹17,990",3.9 out of 5 stars,https://m.media-amazon.com/images/I/71pf3cHlQYL._AC_UL320_.jpg
"OPPO F17 (Dynamic Orange, 6GB RAM, 128GB Storage) Without Offer","₹21,990",4.0 out of 5 stars,https://m.media-amazon.com/images/I/31RxYjjgjVL._AC_UL320_.jpg
"realme Narzo 20 Victory Blue, 4GB RAM, 64GB Storage","₹19,990",4.5 out of 5 stars,https://m.media-amazon.com/images/I/814EHBaMleL._AC_UL320_.jpg
Samsung Galaxy M31 6GB 64GB (Ocean Blue),"₹24,990",4.2 out of 5 stars,https://m.media-amazon.com/images/I/71qASdPKCrL._AC_UL320_.jpg
"Redmi Note 5 Pro (Gold, 6GB RAM, 64GB Storage)","₹16,490",4.3 out of 5 stars,https://m.media-amazon.com/images/I/41hZTUzp0uL._AC_UL320_.jpg
"MI Poco X3 (Shadow Gray, 6GB RAM / 128GB Storage)","₹20,490",4.3 out of 5 stars,https://m.media-amazon.com/images/I/81UbmzpYyjL._AC_UL320_.jpg
"Realme Narzo 30A (Laser Blue, 4GB RAM, 64GB Storage)","₹16,500",4.2 out of 5 stars,https://m.media-amazon.com/images/I/41DWmk7dY+L._AC_UL320_.jpg
"Vivo Y20A (Nebula Blue, 3GB, 64GB ) with No Cost EMI/Additional Exchange Offers","₹20,999",4.3 out of 5 stars,https://m.media-amazon.com/images/I/719ds5R-UbL._AC_UL320_.jpg
"Redmi Note 8 Pro (Halo White, 6GB RAM, 64GB Storage with Helio G90T Processor)","₹17,499",4.0 out of 5 stars,https://m.media-amazon.com/images/I/61ACGAKmw3L._AC_UL320_.jpg
"Oppo A15s (Dynamic Black, 4GB, 128GB Storage) with No Cost EMI/Additional Exchange Offers, CPH2179","₹20,999",3.8 out of 5 stars,https://m.media-amazon.com/images/I/7136zgtNmJL._AC_UL320_.jpg
"Samsung Galaxy A21S Blue, 6GB RAM, 64GB Storage","₹10,999",4.3 out of 5 stars,https://m.media-amazon.com/images/I/811RH5e-snL._AC_UL320_.jpg
"Redmi Note 8 Pro (Gamma Green, 6GB RAM, 64GB Storage with Helio G90T Processor)","₹12,999",3.9 out of 5 stars,https://m.media-amazon.com/images/I/81dFFSBIpxL._AC_UL320_.jpg
"Oppo F17 (Dynamic Orange, 8GB RAM, 128GB Storage) with No Cost EMI/Additional Exchange Offers","₹5,895",4.1 out of 5 stars,https://m.media-amazon.com/images/I/81-xJ79cnjL._AC_UL320_.jpg
"OPPO A53 (Electric Black, 6GB RAM, 128GB Storage)","₹15,933",4.0 out of 5 stars,https://m.media-amazon.com/images/I/71pu5oj8MvL._AC_UL320_.jpg
"realme Narzo 20A Glory Silver, 4GB, 64GB","₹13,990",3.8 out of 5 stars,https://m.media-amazon.com/images/I/41DSxCNKA-L._AC_UL320_.jpg
"Samsung Galaxy M12 (Black,4GB RAM, 64GB Storage) 6000 mAh with 8nm Processor | True 48 MP Quad Camera | 90Hz Refresh Rate","₹17,990",4.0 out of 5 stars,https://m.media-amazon.com/images/I/714QWDxXgNL._AC_UL320_.jpg
"Vivo Y20G (Obsidiant Black, 4GB, 64GB Storage) with No Cost EMI/Additional Exchange Offers","₹14,990",4.3 out of 5 stars,https://m.media-amazon.com/images/I/5108+4rkSEL._AC_UL320_.jpg
"Redmi Note 8 Pro (Shadow Black, 6GB RAM, 64GB Storage with Helio G90T Processor)","₹18,990",4.3 out of 5 stars,https://m.media-amazon.com/images/I/71eq+o0JBlL._AC_UL320_.jpg
"Redmi Note 8 (Moonlight White, 6GB RAM, 128GB Storage)","₹19,990",4.2 out of 5 stars,https://m.media-amazon.com/images/I/61K6JcPwbQL._AC_UL320_.jpg
"POCO M3 (Power Black, 6GB RAM,128GB Storage)","₹24,990",4.0 out of 5 stars,https://m.media-amazon.com/images/I/819tyWhY0iL._AC_UL320_.jpg
"Oppo A15s (Fancy White, 4GB, 128GB Storage) with No Cost EMI/Additional Exchange Offers (CPH2179)","₹18,990",5.0 out of 5 stars,https://m.media-amazon.com/images/I/71TdXNLT1FL._AC_UL320_.jpg
"Realme Narzo 30 Pro 5G (Sword Black, 6GB RAM, 64GB Storage)","₹20,999",3.7 out of 5 stars,https://m.media-amazon.com/images/I/51KLInS93lL._AC_UL320_.jpg
"Realme 6 Pro (Lightning Red, 128 GB) (8 GB RAM)","₹12,990",3.8 out of 5 stars,https://m.media-amazon.com/images/I/318pTycTWKL._AC_UL320_.jpg
"Nokia 3.4 (Dusk, 4GB RAM, 64GB Storage) with No Cost EMI/Additional Exchange Offers","₹16,990",3.1 out of 5 stars,https://m.media-amazon.com/images/I/7166xlyA4zL._AC_UL320_.jpg
"Nokia 2720 Flip, 4GB, Snapdragon 205, Dual Sim (Black)","₹10,999",4.0 out of 5 stars,https://m.media-amazon.com/images/I/61KLAUhrkJL._AC_UL320_.jpg
"Mi Redmi 4 (Gold, 64GB)","₹14,999",4.2 out of 5 stars,https://m.media-amazon.com/images/I/61sMiVHbQPL._AC_UL320_.jpg
"Vivo Y19 (Spring White, 4GB RAM, 128GB Storage)","₹11,490",4.3 out of 5 stars,https://m.media-amazon.com/images/I/61hjQVoB65L._AC_UL320_.jpg
"OPPO A31 (Mystery Black, 6GB RAM, 128GB Storage) + OPPO ENCO M31 Wireless in-Ear Earphone with Mic (Black)","₹13,990",3.6 out of 5 stars,https://m.media-amazon.com/images/I/71Au1buLoyL._AC_UL320_.jpg
"LG W30 PRO with 16MP Front Camera (Midnight Purple, 4GB RAM, 64GB Storage, SD 632)","₹13,999",4.4 out of 5 stars,https://m.media-amazon.com/images/I/71uGY3xvkRL._AC_UL320_.jpg
"Vivo U20 (Blazing Blue, Snapdragon 675 AIE, 6GB RAM, 64GB","₹17,999",4.2 out of 5 stars,https://m.media-amazon.com/images/I/5146hJBeZqL._AC_UL320_.jpg
"Redmi Note 5 Pro (Gold, 4GB RAM, 64GB Storage)","₹11,490",3.9 out of 5 stars,https://m.media-amazon.com/images/I/41hZTUzp0uL._AC_UL320_.jpg
"Nokia 4.2 (Black, 3GB RAM, 32GB Storage)","₹15,490",4.0 out of 5 stars,https://m.media-amazon.com/images/I/81YTUmk8zCL._AC_UL320_.jpg
"Realme Narzo 20 (Glory Sliver, 4GB RAM, 128GB Storage)","₹11,490",5.0 out of 5 stars,https://m.media-amazon.com/images/I/81uC4H7utRL._AC_UL320_.jpg
Realme Narzo 30A (64 GB 4 GB Laser Black),"₹13,990",3.9 out of 5 stars,https://m.media-amazon.com/images/I/41QUy7YzH+L._AC_UL320_.jpg
"Xiaomi Mi A2 (Gold, 4GB RAM, 64GB Storage)","₹12,990",4.0 out of 5 stars,https://m.media-amazon.com/images/I/91zwD+7G9zL._AC_UL320_.jpg
"realme 7i , 4GB RAM, 64GB Storage","₹15,990",4.2 out of 5 stars,https://m.media-amazon.com/images/I/41erMp7DrmL._AC_UL320_.jpg
"POCO M3 (Cool Blue, 6GB RAM,128GB Storage)","₹10,967",4.3 out of 5 stars,https://m.media-amazon.com/images/I/81zpR-AecqL._AC_UL320_.jpg
"Motorola G9 (Sapphire Blue, 64 GB) (4 GB RAM)","₹13,999",4.3 out of 5 stars,https://m.media-amazon.com/images/I/51OOGvwG1GL._AC_UL320_.jpg
"Infinix Hot 10 (Ocean Wave, 6 GB RAM / 128 GB Storage)","₹12,989",5.0 out of 5 stars,https://m.media-amazon.com/images/I/71gDtUb8+sL._AC_UL320_.jpg
"Infinix s5pro (4 GB RAM, 64GB ROM, Sea Blue)","₹16,000",3.8 out of 5 stars,https://m.media-amazon.com/images/I/31FHkyliNkL._AC_UL320_.jpg
"Samsung Galaxy M12 (Black,4GB RAM, 64GB Storage) 6000 mAh with 8nm Processor | True 48 MP Quad Camera | 90Hz Refresh Rate","₹13,999",4.1 out of 5 stars,https://m.media-amazon.com/images/I/714QWDxXgNL._AC_UL320_.jpg
"OPPO A53 (Fairy White, 6GB RAM, 128GB Storage)","₹17,999",3.8 out of 5 stars,https://m.media-amazon.com/images/I/71cnZVgDIoL._AC_UL320_.jpg
"Realme Narzo 10 (That White, 4GB RAM, 128GB Storage)","₹11,499",3.3 out of 5 stars,https://m.media-amazon.com/images/I/7180OyK04BL._AC_UL320_.jpg
"(Renewed) OnePlus 6 (Mirror Black, 6GB RAM, 64GB Storage)","₹13,390",4.3 out of 5 stars,https://m.media-amazon.com/images/I/515ES6HyAJL._AC_UL320_.jpg
"Redmi Note 8 Pro (Shadow Black, 8GB RAM, 128GB Storage with Helio G90T Processor)","₹11,999",3.3 out of 5 stars,https://m.media-amazon.com/images/I/71eq+o0JBlL._AC_UL320_.jpg
"Coolpad Cool 6 (Silver,6GB RAM,128GB Storage) -21MP Front Pop-up & 48MP Triple Rear Camera","₹15,999",3.9 out of 5 stars,https://m.media-amazon.com/images/I/61R1y8EotxL._AC_UL320_.jpg
"MI Poco M2 Pro (Green and Greener, 4GB RAM, 64GB Storage)","₹17,999",4.0 out of 5 stars,https://m.media-amazon.com/images/I/81w3UsCHEtL._AC_UL320_.jpg
"Motorola G5s Plus (Blush Gold, 64GB)","₹23,999",3.7 out of 5 stars,https://m.media-amazon.com/images/I/61Hu0y2surL._AC_UL320_.jpg
"realme 7i Fusion Green, 4GB RAM, 64GB Storage","₹17,990",3.8 out of 5 stars,https://m.media-amazon.com/images/I/61CIORARpuL._AC_UL320_.jpg
"Samsung Galaxy A21s (Blue, 6GB, 128GB Storage) with No Cost EMI/Additional Exchange Offers","₹21,990",4.3 out of 5 stars,https://m.media-amazon.com/images/I/811RH5e-snL._AC_UL320_.jpg
"Poco F1 by Xiaomi (Steel Blue, 6GB RAM, SD 845, 128GB Storage)","₹14,779",5.0 out of 5 stars,https://m.media-amazon.com/images/I/51SXBFFu9wL._AC_UL320_.jpg
"Vivo V19 (Mystic Silver, 8GB RAM, 128GB Storage)","₹17,999",4.2 out of 5 stars,https://m.media-amazon.com/images/I/41yl8mJHtfL._AC_UL320_.jpg
"Redmi Y2 (Black, 4GB RAM, 64GB Storage)","₹6,499",3.9 out of 5 stars,https://m.media-amazon.com/images/I/719shd+aqrL._AC_UL320_.jpg
"(Renewed) Samsung Galaxy F41 (Fusion Green, 6GB RAM, 64GB Storage)","₹8,999",4.2 out of 5 stars,https://m.media-amazon.com/images/I/51Fkv8LOxYL._AC_UL320_.jpg
"Moto E5 Plus (Black, 3GB RAM, 32GB Storage)","₹10,999",4.3 out of 5 stars,https://m.media-amazon.com/images/I/81itIGQ7muL._AC_UL320_.jpg
"POCO M3 (Power Black, 6GB RAM, 64GB Storage)","₹12,999",4.2 out of 5 stars,https://m.media-amazon.com/images/I/819tyWhY0iL._AC_UL320_.jpg
"Redmi Note 8 Pro (Halo White, 8GB RAM, 128GB Storage with Helio G90T Processor)","₹9,299",4.0 out of 5 stars,https://m.media-amazon.com/images/I/61ACGAKmw3L._AC_UL320_.jpg
"Vivo Y20A (Dawn White, 3GB, 64GB ) with No Cost EMI/Additional Exchange Offers","₹11,499",4.5 out of 5 stars,https://m.media-amazon.com/images/I/71OjAKA1qsL._AC_UL320_.jpg
Nokia 2.4 Charcoal Colour,"₹16,990",3.8 out of 5 stars,https://m.media-amazon.com/images/I/61SsbmaTJPL._AC_UL320_.jpg
MOTOROLA G10 Power (64 GB) (4 GB RAM) (Breeze Blue),"₹20,990",3.9 out of 5 stars,https://m.media-amazon.com/images/I/31Ag98vEupL._AC_UL320_.jpg
"(Renewed) Samsung Galaxy F41 (Fusion Black, 6GB RAM, 128GB Storage)","₹13,990",3.8 out of 5 stars,https://m.media-amazon.com/images/I/51oejnroU8L._AC_UL320_.jpg
Samsung Galaxy M31 6GB 64GB (Space Black),"₹17,990",3.8 out of 5 stars,https://m.media-amazon.com/images/I/61ONmF+7EHL._AC_UL320_.jpg
"Samsung Galaxy A21s (Black, 6GB, 128GB Storage) with No Cost EMI/Additional Exchange Offers","₹19,977",4.1 out of 5 stars,https://m.media-amazon.com/images/I/81zb1bxd6NL._AC_UL320_.jpg
"Samsung Galaxy A12 (White,4GB RAM, 64GB Storage) with No Cost EMI/Additional Exchange Offers","₹30,990",4.1 out of 5 stars,https://m.media-amazon.com/images/I/91C59JQuC2L._AC_UL320_.jpg
"Samsung Galaxy A21s (White, 4GB RAM, 64GB Storage) with No Cost EMI/Additional Exchange Offers","₹11,490",3.9 out of 5 stars,https://m.media-amazon.com/images/I/81-5NsP8laL._AC_UL320_.jpg
"Samsung Galaxy M12 (Black,4GB RAM, 64GB Storage) 6000 mAh with 8nm Processor | True 48 MP Quad Camera | 90Hz Refresh Rate","₹15,490",3.4 out of 5 stars,https://m.media-amazon.com/images/I/714QWDxXgNL._AC_UL320_.jpg
"MI Poco M2 (Pitch Black, 6GB RAM, 128GB Storage)","₹11,490",4.2 out of 5 stars,https://m.media-amazon.com/images/I/71s8YAScnBL._AC_UL320_.jpg
"MI Poco M2 (Pitch Black, 6GB RAM, 64GB Storage)","₹13,990",4.1 out of 5 stars,https://m.media-amazon.com/images/I/71s8YAScnBL._AC_UL320_.jpg
"Moto G Plus, 4th Gen (White, 32 GB)","₹12,990",4.1 out of 5 stars,https://m.media-amazon.com/images/I/81voLtCcvQL._AC_UL320_.jpg
"Motorola G9 Power (Electric Violet, 4GB RAM, 64GB Storage)","₹15,990",4.0 out of 5 stars,https://m.media-amazon.com/images/I/710l-it0ZIL._AC_UL320_.jpg
"Vivo S1Pro (Dreamy White, 8GB RAM, 128GB Storage) Without Offer","₹12,999",3.8 out of 5 stars,https://m.media-amazon.com/images/I/51IkqCGcIQL._AC_UL320_.jpg
"Oppo A5s (Blue, 4GB RAM, 64GB Storage)","₹13,999",3.9 out of 5 stars,https://m.media-amazon.com/images/I/81uJLUPkbvL._AC_UL320_.jpg
"TECNO Spark 5 (Ice Jadeite, 2GB RAM, 32GB Storage)","₹9,989",4.2 out of 5 stars,https://m.media-amazon.com/images/I/71frzZleFlL._AC_UL320_.jpg
"Realme Narzo 20 Pro (White Knight, 8 GB RAM, 128 GB Storage)","₹12,999",3.9 out of 5 stars,https://m.media-amazon.com/images/I/51sIOPfL-OL._AC_UL320_.jpg
"(Renewed) Samsung Galaxy M31s (Mirage Blue, 8GB RAM, 128GB Storage)","₹14,990",4.3 out of 5 stars,https://m.media-amazon.com/images/I/51BlogswCdL._AC_UL320_.jpg
"Samsung Galaxy A12 (White,4GB RAM, 128GB Storage) with No Cost EMI/Additional Exchange Offers","₹18,990",4.7 out of 5 stars,https://m.media-amazon.com/images/I/91C59JQuC2L._AC_UL320_.jpg
"Vivo S1Pro (Jazzy Blue, 8GB RAM, 128GB Storage) Without Offer","₹15,490",4.1 out of 5 stars,https://m.media-amazon.com/images/I/51k5RDo22UL._AC_UL320_.jpg
"(Renewed) Samsung Galaxy F41 (Fusion Blue, 6GB RAM, 64GB Storage)","₹17,990",4.0 out of 5 stars,https://m.media-amazon.com/images/I/51hrxoJdNBL._AC_UL320_.jpg
"Samsung Galaxy A12 (Black,4GB RAM, 64GB Storage) Without Offers","₹11,999",3.7 out of 5 stars,https://m.media-amazon.com/images/I/91dUPqvXhbL._AC_UL320_.jpg
"Poco F1 by Xiaomi (Rosso Red, 6GB RAM, SD 845, 128GB Storage)","₹16,999",3.0 out of 5 stars,https://m.media-amazon.com/images/I/812MBICsvnL._AC_UL320_.jpg
"Micromax in Note 1 (White, 4GB RAM, 64GB Storage)","₹13,999",4.1 out of 5 stars,https://m.media-amazon.com/images/I/61x9C01jSIL._AC_UL320_.jpg
"MI Poco M2 (Brick Red, 6GB RAM, 128GB Storage)","₹14,999",3.2 out of 5 stars,https://m.media-amazon.com/images/I/81UQWt+8PEL._AC_UL320_.jpg
Infinix Hot 9 Pro Quetzal Cyan,"₹13,999",3.9 out of 5 stars,https://m.media-amazon.com/images/I/31Gy5TvTGSL._AC_UL320_.jpg
"(Renewed) POCO X2 (Matrix Purple, 6GB RAM, 128GB Storage)","₹14,999",4.0 out of 5 stars,https://m.media-amazon.com/images/I/510Q7p57ZfL._AC_UL320_.jpg
"(Renewed) Redmi Note 9 Pro (Aurora Blue, 4GB RAM, 64GB Storage) - Latest 8nm Snapdragon 720G & Alexa Hands-Free","₹12,999",3.4 out of 5 stars,https://m.media-amazon.com/images/I/61cGTOI9l5L._AC_UL320_.jpg
"MI Poco M2 (Brick Red, 6GB RAM, 64GB Storage)","₹13,999",3.8 out of 5 stars,https://m.media-amazon.com/images/I/81UQWt+8PEL._AC_UL320_.jpg
"(Renewed) Redmi Note 9 (Arctic White, 4GB RAM, 64GB Storage) - 48MP Quad Camera & Full HD+ Display - 3 Months No Cost EMI on BFL","₹10,999",4.1 out of 5 stars,https://m.media-amazon.com/images/I/51l392VduoL._AC_UL320_.jpg
"Mi A2 (Blue, 4GB RAM, 64GB Storage)","₹12,999",1.0 out of 5 stars,https://m.media-amazon.com/images/I/91XRU7pm+PL._AC_UL320_.jpg
"realme Narzo 20 Glory Sliver, 4GB RAM, 64GB Storage","₹11,999",4.2 out of 5 stars,https://m.media-amazon.com/images/I/81uC4H7utRL._AC_UL320_.jpg
"LG W30 PRO with 16MP Front Camera (Midnight Blue, 4GB RAM, 64GB Storage, SD 632)","₹13,999",4.2 out of 5 stars,https://m.media-amazon.com/images/I/613k1WZ4psL._AC_UL320_.jpg
"Samsung Galaxy M12 (Black,4GB RAM, 64GB Storage) 6000 mAh with 8nm Processor | True 48 MP Quad Camera | 90Hz Refresh Rate","₹12,990",4.1 out of 5 stars,https://m.media-amazon.com/images/I/714QWDxXgNL._AC_UL320_.jpg
"MI Poco M2 (Slate Blue, 6GB RAM, 64GB Storage)","₹16,990",3.8 out of 5 stars,https://m.media-amazon.com/images/I/81cSHDyccxL._AC_UL320_.jpg
"(Renewed) Redmi Note 9 (Aqua Green, 6GB RAM, 128GB Storage) - 48MP Quad Camera & Full HD+ Display","₹16,900",5.0 out of 5 stars,https://m.media-amazon.com/images/I/71+HWq3N3mL._AC_UL320_.jpg
"Note 7 Pro (Neptune Blue, 64GB, 4GB RAM)","₹16,999",4.1 out of 5 stars,https://m.media-amazon.com/images/I/81kra24lW5L._AC_UL320_.jpg
"Realme 6 (Comet White, 64 GB) (6 GB RAM)","₹18,490",4.2 out of 5 stars,https://m.media-amazon.com/images/I/31JD1SHMjnL._AC_UL320_.jpg
"OPPO A5 (Diamond Red, 4GB, 64GB Storage)","₹22,990",4.8 out of 5 stars,https://m.media-amazon.com/images/I/418mTVe8RQL._AC_UL320_.jpg
"(Renewed) Redmi 9 Prime (Matte Black, 4GB RAM, 128GB Storage) - Full HD+ Display & AI Quad Camera","₹11,999",4.1 out of 5 stars,https://m.media-amazon.com/images/I/61LubIpUADL._AC_UL320_.jpg
"Samsung Galaxy A21s (Silver, 6GB, 128GB Storage) with No Cost EMI/Additional Exchange Offers","₹13,999",4.2 out of 5 stars,https://m.media-amazon.com/images/I/81c8uGDLLjL._AC_UL320_.jpg
"Realme C15 (Power Blue, 4GB RAM, 64GB Storage)","₹16,984",4.3 out of 5 stars,https://m.media-amazon.com/images/I/31vWP0YONmL._AC_UL320_.jpg
Tecno Pova (6GB+128GB) (Magic Blue),"₹20,990",3.0 out of 5 stars,https://m.media-amazon.com/images/I/51E35kQRI+L._AC_UL320_.jpg
MOTOROLA G10 Power (64 GB) (4 GB RAM) (Aurora Grey),"₹15,450",2.4 out of 5 stars,https://m.media-amazon.com/images/I/31yW27dKYtL._AC_UL320_.jpg
"Note 7 Pro (Space Black, 64GB, 4GB RAM)","₹18,999",3.9 out of 5 stars,https://m.media-amazon.com/images/I/81WcjrSQGBL._AC_UL320_.jpg
Tecno Pova (4GB+64GB) (Speed Purple),"₹11,720",3.9 out of 5 stars,https://m.media-amazon.com/images/I/91CeiukG2XL._AC_UL320_.jpg
T Tecno Pova (4GB+64GB) (Magic Blue),"₹15,999",3.8 out of 5 stars,https://m.media-amazon.com/images/I/41JpR-7GzVL._AC_UL320_.jpg
"Samsung Galaxy M01s (Blue, 3GB RAM, 32GB Storage) Without Offer","₹11,490",3.8 out of 5 stars,https://m.media-amazon.com/images/I/61c3a3blT6L._AC_UL320_.jpg
"Realme 6 (Comet Blue, 4GB RAM, 64GB Storage)","₹15,490",3.9 out of 5 stars,https://m.media-amazon.com/images/I/71YJ+lCzp0L._AC_UL320_.jpg
"Infinix Hot 10 (Obsidian Black, 6 GB RAM / 128 GB Storage)","₹12,490",3.5 out of 5 stars,https://m.media-amazon.com/images/I/71bSz3YJw3L._AC_UL320_.jpg
Realme Narzo 30 Pro 5G (6GB 64GB Blade Silver),"₹14,990",4.3 out of 5 stars,https://m.media-amazon.com/images/I/519lEEeLCdL._AC_UL320_.jpg
"(Renewed) Poco X3 (Cobalt Blue, 6GB RAM / 128GB Storage)","₹14,100",4.5 out of 5 stars,https://m.media-amazon.com/images/I/61w3TeD65RL._AC_UL320_.jpg
"Realme Narzo 10a (So White, 4GB+64GB)","₹21,999",4.1 out of 5 stars,https://m.media-amazon.com/images/I/41m3-OVtnQL._AC_UL320_.jpg
"MI Poco M2 Pro (Out of The Blue, 4GB RAM, 64GB Storage)","₹18,490",4.1 out of 5 stars,https://m.media-amazon.com/images/I/81zX4xnnfgL._AC_UL320_.jpg
"(Renewed) Samsung Galaxy F41 (Fusion Green, 6GB RAM, 128GB Storage)","₹22,990",4.2 out of 5 stars,https://m.media-amazon.com/images/I/51hzrmYfAJL._AC_UL320_.jpg
"(Renewed) Redmi 9 Power (Electric Green, 4GB RAM, 128GB Storage) - 6000mAh Battery | 48MP Quad Camera","₹15,490",5.0 out of 5 stars,https://m.media-amazon.com/images/I/71omx3wK-PL._AC_UL320_.jpg
"Samsung Galaxy A21s (Black, 6GB RAM, 64GB Storage) with No Cost EMI/Additional Exchange Offers","₹17,990",3.3 out of 5 stars,https://m.media-amazon.com/images/I/81zb1bxd6NL._AC_UL320_.jpg
"(Renewed) Redmi 9 Power (Mighty Black, 4GB RAM, 128GB Storage) - 6000mAh Battery | 48MP Quad Camera","₹10,999",2.4 out of 5 stars,https://m.media-amazon.com/images/I/71omx3wK-PL._AC_UL320_.jpg
"Samsung Galaxy M12 (Black,4GB RAM, 64GB Storage) 6000 mAh with 8nm Processor | True 48 MP Quad Camera | 90Hz Refresh Rate","₹12,999",4.2 out of 5 stars,https://m.media-amazon.com/images/I/714QWDxXgNL._AC_UL320_.jpg
"Samsung Galaxy A12 (Blue,4GB RAM, 128GB Storage) Without Offers","₹12,990",2.4 out of 5 stars,https://m.media-amazon.com/images/I/91te-9mP2JL._AC_UL320_.jpg
"(Renewed) Redmi Note 8 (Space Black, 6GB RAM, 128GB Storage)","₹16,990",3.5 out of 5 stars,https://m.media-amazon.com/images/I/61wXFmyMLQL._AC_UL320_.jpg
"Infinix Hot 10 (Moonlight Jade, 6 GB RAM / 128 GB Storage)","₹14,999",3.0 out of 5 stars,https://m.media-amazon.com/images/I/71NfTHIplUL._AC_UL320_.jpg
"Tecno Camon 16(Purist Blue, 4GB+64GB)","₹15,999",3.3 out of 5 stars,https://m.media-amazon.com/images/I/51ACXRVoAmL._AC_UL320_.jpg
Xiaomi Redmi 8A 3GB 32GB Phone (Midnight Black),"₹12,490",4.2 out of 5 stars,https://m.media-amazon.com/images/I/21+UlEkxxBL._AC_UL320_.jpg
"Oppo A52 (Twilight Black, 4GB RAM, 128GB Storage)","₹14,990",4.1 out of 5 stars,https://m.media-amazon.com/images/I/71FPmXaDfbL._AC_UL320_.jpg
"Realme 6 (Comet Blue, 8GB RAM, 128GB Storage)","₹19,370",3.9 out of 5 stars,https://m.media-amazon.com/images/I/71YJ+lCzp0L._AC_UL320_.jpg
"Redmi Note 9 Pro Max (Champagne Gold, 6GB RAM, 64GB Storage)","₹21,999",4.5 out of 5 stars,https://m.media-amazon.com/images/I/81Ox29uGzNL._AC_UL320_.jpg
"Redmi Note 9 Pro Max (Interstellar Black, 6GB RAM, 64GB Storage) - 64MP Quad Camera & Latest 8nm Snapdragon 720G Processor.","₹11,999",4.0 out of 5 stars,https://m.media-amazon.com/images/I/41ea7J4Xw9L._AC_UL320_.jpg
"(Renewed) POCO X2 (Atlantis Blue, 6GB 128GB)","₹13,999",5.0 out of 5 stars,https://m.media-amazon.com/images/I/31KHcMhFIML._AC_UL320_.jpg
"(Renewed) MI Poco M2 Pro (Out of The Blue, 6GB RAM, 64GB Storage)","₹10,500",3.8 out of 5 stars,https://m.media-amazon.com/images/I/61HmzZD3OGL._AC_UL320_.jpg
"(Renewed) Poco X3 (Shadow Gray, 6GB RAM / 128GB Storage)","₹19,900",4.2 out of 5 stars,https://m.media-amazon.com/images/I/61sXWASlQCL._AC_UL320_.jpg
"Vivo Y20i (Nebula Blue, 3GB RAM, 64GB Storage) with No Cost EMI/Additional Exchange Offers + vivo Color Wired Earphones with Mic and 3.5mm Jack (White)","₹10,999",4.2 out of 5 stars,https://m.media-amazon.com/images/I/81jIzlb2-7L._AC_UL320_.jpg
"(Renewed) Poco X3 (Cobalt Blue, 6GB RAM / 64GB Storage)","₹11,499",4.0 out of 5 stars,https://m.media-amazon.com/images/I/61w3TeD65RL._AC_UL320_.jpg
"(Renewed) Samsung Galaxy F41 (Fusion Black, 6GB RAM, 64GB Storage)","₹14,990",3.1 out of 5 stars,https://m.media-amazon.com/images/I/51IwsJ2F+qL._AC_UL320_.jpg
"(Renewed) OPPO A12 (Blue, 4GB RAM, 64GB Storage) with No Cost EMI/Additional Exchange Offers","₹18,990",4.0 out of 5 stars,https://m.media-amazon.com/images/I/71-nSoWl8iL._AC_UL320_.jpg
"(Renewed) Redmi Note 9 Pro (Interstellar Black, 4GB RAM, 64GB Storage)- Latest 8nm Snapdragon 720G & Alexa Hands-Free",13789.00,4.1 out of 5 stars,https://m.media-amazon.com/images/I/61nJjnerOXL._AC_UL320_.jpg
"(Renewed) MI Poco M2 Pro (Two Shades of Black, 6GB RAM, 64GB Storage)",18989.00,4.1 out of 5 stars,https://m.media-amazon.com/images/I/61YpaCFkVrL._AC_UL320_.jpg
"Redmi Y3 (Bold Red, 4GB RAM, 64GB Storage)","₹10,280",3.3 out of 5 stars,https://m.media-amazon.com/images/I/71dWx5H92oL._AC_UL320_.jpg
"OPPO A53 (Moonlight Black, 6GB RAM, 128GB Storage) With No Cost EMI/Additional Exchange Offers","₹14,999",3.1 out of 5 stars,https://m.media-amazon.com/images/I/71pzs7-WxnL._AC_UL320_.jpg
"MI Poco M2 Pro (Two Shades of Black, 4GB RAM, 64GB Storage)","₹13,990",4.2 out of 5 stars,https://m.media-amazon.com/images/I/81KSUbYKyYL._AC_UL320_.jpg
"Realme 6 (Comet White, 128 GB) (6 GB RAM)","₹15,999",4.0 out of 5 stars,https://m.media-amazon.com/images/I/618mYu+OSoL._AC_UL320_.jpg
"Mi Phone Redmi 8 (Emerald Green, 4GB RAM, 64GB Storage)","₹12,470",3.9 out of 5 stars,https://m.media-amazon.com/images/I/71PCKBszEuL._AC_UL320_.jpg
"(Renewed) POCO X2 (Atlantis Blue, 6GB RAM, 64GB Storage)","₹12,999",4.1 out of 5 stars,https://m.media-amazon.com/images/I/51ypKI0qkdL._AC_UL320_.jpg
"Samsung Galaxy M12 (Black,4GB RAM, 64GB Storage) 6000 mAh with 8nm Processor | True 48 MP Quad Camera | 90Hz Refresh Rate","₹14,999",2.2 out of 5 stars,https://m.media-amazon.com/images/I/714QWDxXgNL._AC_UL320_.jpg
"POCO M3 (POCO Yellow, 6GB RAM,128GB Storage)","₹17,499",3.8 out of 5 stars,https://m.media-amazon.com/images/I/81CIP2ZmtNL._AC_UL320_.jpg
"Huawei Y9 Prime 2019 (Sapphire Blue, 4GB RAM, 128GB Storage)","₹13,500",4.1 out of 5 stars,https://m.media-amazon.com/images/I/512DSx8CI6L._AC_UL320_.jpg
"Lava Z6 Aqua Blue, 6GB RAM, 64GB Storage + Lava Earphone E1 Black","₹14,999",3.4 out of 5 stars,https://m.media-amazon.com/images/I/51XZje3ri3L._AC_UL320_.jpg
"(Renewed) Redmi Note 9 Pro Max (Glacier White, 6GB RAM, 128GB Storage) - 64MP Quad Camera & Latest 8nm Snapdragon 720G | with 12 Months No Cost EMI","₹10,999",4.2 out of 5 stars,https://m.media-amazon.com/images/I/61Z-s-tdJAL._AC_UL320_.jpg
"Realme 6 Pro (Lightening Orange, 128 GB) (6 GB RAM)","₹12,999",3.3 out of 5 stars,https://m.media-amazon.com/images/I/61IwK-PXZ6L._AC_UL320_.jpg
"MI Poco M2 (Slate Blue, 6GB RAM, 128GB Storage)","₹15,490",3.9 out of 5 stars,https://m.media-amazon.com/images/I/81cSHDyccxL._AC_UL320_.jpg
"Samsung Galaxy M11 (Black, 3GB RAM, 32GB Storage) Without Offer","₹17,990",3.8 out of 5 stars,https://m.media-amazon.com/images/I/71K413NPv9L._AC_UL320_.jpg
"(Renewed) Redmi Note 9 Pro Max (Interstellar Black, 6GB RAM, 64GB Storage) - 64MP Quad Camera & Latest 8nm Snapdragon 720G Processor.","₹13,188",4.0 out of 5 stars,https://m.media-amazon.com/images/I/41UP+bbDsiL._AC_UL320_.jpg
"(Renewed) Redmi Note 9 Pro Max (Glacier White, 6GB RAM, 64GB Storage) - 64MP Quad Camera & Latest 8nm Snapdragon 720G & Alexa Hands-Free | with 12 Months No Cost EMI","₹13,999",3.3 out of 5 stars,https://m.media-amazon.com/images/I/61Z-s-tdJAL._AC_UL320_.jpg
"Redmi K20 (Glacier Blue, 6GB RAM, 64GB Storage)","₹18,499",3.0 out of 5 stars,https://m.media-amazon.com/images/I/71Ghpwv-IdL._AC_UL320_.jpg
"(Renewed) Redmi 9 Power (Blazing Blue, 4GB RAM, 64GB Storage) - 6000mAh Battery | 48MP Quad Camera","₹34,999",3.2 out of 5 stars,https://m.media-amazon.com/images/I/71omx3wK-PL._AC_UL320_.jpg
"Poco F1 by Xiaomi (Steel Blue, 6GB RAM, 64GB Storage)","₹19,490",4.1 out of 5 stars,https://m.media-amazon.com/images/I/61LghzBuGzL._AC_UL320_.jpg
"(Renewed) Realme Narzo 20 (Glory Sliver, 4 GB RAM, 64 GB Storage)","₹19,999",3.9 out of 5 stars,https://m.media-amazon.com/images/I/518EH2tjDVL._AC_UL320_.jpg
"Realme 6 (Comet Blue, 64 GB) (6 GB RAM)","₹11,999",3.7 out of 5 stars,https://m.media-amazon.com/images/I/31v6TlmmthL._AC_UL320_.jpg
"Realme C15 Qualcomm Edition (Power Blue 4GB, 64GB)","₹16,999",4.3 out of 5 stars,https://m.media-amazon.com/images/I/31mQoh7wgjL._AC_UL320_.jpg
"Realme 7i (Fusion Blue, 4GB RAM, 64GB Storage)","₹15,999",3.0 out of 5 stars,https://m.media-amazon.com/images/I/61QexITryTL._AC_UL320_.jpg
"Vivo Y31 (Racing Black, 6GB RAM, 128GB RAB) + vivo Color Wired Earphones with Mic and 3.5mm Jack (White)","₹16,999",4.1 out of 5 stars,https://m.media-amazon.com/images/I/81ixMaMLgwL._AC_UL320_.jpg
"Nokia 5.1 Plus (Blue, 32 GB) (3 GB RAM)","₹17,499",3.0 out of 5 stars,https://m.media-amazon.com/images/I/71i1TiThPvL._AC_UL320_.jpg
"(Renewed) OPPO F17 (Dynamic Orange, 8GB RAM, 128GB Storage) with No Cost EMI/Additional Exchange Offers","₹18,999",4.2 out of 5 stars,https://m.media-amazon.com/images/I/61Ymzd7p5ML._AC_UL320_.jpg
"Vivo VZ1 Pro (Sonic Black, 4GB RAM, 64GB Storage)","₹18,997",4.2 out of 5 stars,https://m.media-amazon.com/images/I/61-T5qFKFvL._AC_UL320_.jpg
"Nokia 800 Tough, 4GB, IP68 Rugged Cell Phone, 4G LTE (Black)","₹24,999",4.6 out of 5 stars,https://m.media-amazon.com/images/I/51kN5wB7EuL._AC_UL320_.jpg
"Samsung Galaxy A12 (Black,4GB RAM, 128GB Storage) Without Offers","₹19,795",3.6 out of 5 stars,https://m.media-amazon.com/images/I/91dUPqvXhbL._AC_UL320_.jpg
"R RealMe 7 4G 90Hz Display G95 Gaming Processor (Blue, 6GB+64GB)","₹30,990",4.1 out of 5 stars,https://m.media-amazon.com/images/I/41XESdUTzgL._AC_UL320_.jpg
"(Renewed) Redmi Note 9 (Shadow Black, 4GB RAM, 64GB Storage) - 48MP Quad Camera & Full HD+ Display","₹11,799",3.2 out of 5 stars,https://m.media-amazon.com/images/I/71+HWq3N3mL._AC_UL320_.jpg
"Samsung Galaxy M12 (Black,4GB RAM, 64GB Storage) 6000 mAh with 8nm Processor | True 48 MP Quad Camera | 90Hz Refresh Rate","₹13,499",4.0 out of 5 stars,https://m.media-amazon.com/images/I/714QWDxXgNL._AC_UL320_.jpg
"Realme 5i (Aqua Blue, 4GB RAM, 128GB Storage)","₹13,899",4.1 out of 5 stars,https://m.media-amazon.com/images/I/71tRw7p2EZL._AC_UL320_.jpg
"(Renewed) MI Poco M2 Pro (Two Shades of Black, 4GB RAM, 64GB Internal Storage)","₹20,999",4.0 out of 5 stars,https://m.media-amazon.com/images/I/61YpaCFkVrL._AC_UL320_.jpg
"(Renewed) Redmi Note 9 Pro (Aurora Blue, 4GB RAM, 128GB Storage) - Latest 8nm Snapdragon 720G & Alexa Hands-Free","₹11,989",4.0 out of 5 stars,https://m.media-amazon.com/images/I/61cGTOI9l5L._AC_UL320_.jpg
(Renewed) Mi Mix 2 (Black),"₹12,999",4.1 out of 5 stars,https://m.media-amazon.com/images/I/51iv339qvkL._AC_UL320_.jpg
Vivo Y12s Phantom Black (3GB + 32GB) + vivo Color Wired Earphones with Mic and 3.5mm Jack (Black),"₹11,490",4.1 out of 5 stars,https://m.media-amazon.com/images/I/81f1TweKSsL._AC_UL320_.jpg
"Samsung Galaxy A12 (White,4GB RAM, 64GB Storage) Without Offers","₹15,490",3.4 out of 5 stars,https://m.media-amazon.com/images/I/91C59JQuC2L._AC_UL320_.jpg
"Nokia 3.2 (Steel, 3GB RAM, 32GB Storage)","₹10,399",4.3 out of 5 stars,https://m.media-amazon.com/images/I/81Iek6AWShL._AC_UL320_.jpg
"LG W31 Black, 4GB, 64GB","₹11,499",4.1 out of 5 stars,https://m.media-amazon.com/images/I/41ri1v+PBqL._AC_UL320_.jpg
"Infinix Hot 10 16MP AI Quad Camera (Ocean Wave, 4GB RAM, 64GB Storage)","₹14,999",4.2 out of 5 stars,https://m.media-amazon.com/images/I/71gDtUb8+sL._AC_UL320_.jpg
"(Renewed) Redmi Note 9 Pro (Interstellar Black, 4GB RAM, 128GB Storage) - Latest 8nm Snapdragon 720G & Alexa Hands-Free","₹16,999",3.0 out of 5 stars,https://m.media-amazon.com/images/I/61nJjnerOXL._AC_UL320_.jpg
"Honor 9X (Midnight Black, 4+128GB Storage) -Pop up Front Camera & 48MP Triple Rear Camera","₹14,999",3.0 out of 5 stars,https://m.media-amazon.com/images/I/81JjhSI5dEL._AC_UL320_.jpg
"Xiaomi Mi A1 (Gold, 64 GB)","₹22,999",3.3 out of 5 stars,https://m.media-amazon.com/images/I/51--ZUmGNWL._AC_UL320_.jpg
"Redmi Note 4 (Gold, 64GB)","₹15,850",4.3 out of 5 stars,https://m.media-amazon.com/images/I/81SVaytdKUL._AC_UL320_.jpg
"Redmi Mi Note 6 Pro (Red, 6GB RAM, 64GB Storage)","₹18,999",3.8 out of 5 stars,https://m.media-amazon.com/images/I/819ak1fO+1L._AC_UL320_.jpg
"OPPO A53 (Electric Black, 4GB RAM, 64GB Storage) + OPPO Wired Earphone","₹17,499",4.2 out of 5 stars,https://m.media-amazon.com/images/I/81WQv6R8vcL._AC_UL320_.jpg
"(Renewed) Realme 7 (Mist Blue, 64 GB) (6 GB RAM)","₹18,999",5.0 out of 5 stars,https://m.media-amazon.com/images/I/3190PsrBwUL._AC_UL320_.jpg
"Realme 5i (Aqua Blue, 4GB RAM, 64GB Storage)","₹12,999",3.7 out of 5 stars,https://m.media-amazon.com/images/I/61IDHyHhOuL._AC_UL320_.jpg
Microsoft Lumia 950 XL (White),"₹13,999",3.7 out of 5 stars,https://m.media-amazon.com/images/I/61bLFasBlbL._AC_UL320_.jpg
"Renewed) Samsung Galaxy M51 (Celestial Black, 6GB RAM, 128GB Storage)","₹13,999",4.2 out of 5 stars,https://m.media-amazon.com/images/I/51pYA-nkakL._AC_UL320_.jpg
Vivo Y12s Glacier Blue (3GB + 32GB) + vivo Color Wired Earphones with Mic and 3.5mm Jack (White),"₹17,999",3.3 out of 5 stars,https://m.media-amazon.com/images/I/81Xf1wjdDZL._AC_UL320_.jpg
"(Renewed) Samsung Galaxy M51 (Electric Blue, 6GB RAM, 128GB Storage)","₹10,999",4.2 out of 5 stars,https://m.media-amazon.com/images/I/51e1WwozJwL._AC_UL320_.jpg
"Mi Redmi 8 Phone (Sapphire Blue, 4GB RAM, 64GB Storage)","₹12,999",4.2 out of 5 stars,https://m.media-amazon.com/images/I/71PCKBszEuL._AC_UL320_.jpg
"OPPO A52 (Stream White, 4GB RAM, 128GB Storage)","₹15,999",3.8 out of 5 stars,https://m.media-amazon.com/images/I/71RadpHBLhL._AC_UL320_.jpg
Vivo Y12s Glacier Blue (3GB + 32GB) + vivo Color Wired Earphones with Mic and 3.5mm Jack (Black),"₹18,640",4.9 out of 5 stars,https://m.media-amazon.com/images/I/81tFp00htlL._AC_UL320_.jpg
"(Renewed) Samsung Galaxy F41 (Fusion Blue, 6GB RAM, 128GB Storage)","₹20,990",4.6 out of 5 stars,https://m.media-amazon.com/images/I/51hrxoJdNBL._AC_UL320_.jpg
"(Renewed) Redmi 9 Prime (Sunrise Flare, 4GB RAM, 128GB Storage) - Full HD+ Display & AI Quad Camera","₹10,999",3.9 out of 5 stars,https://m.media-amazon.com/images/I/61LubIpUADL._AC_UL320_.jpg
"OPPO A12 (Flowing Silver, 4GB RAM, 64GB Storage) Without Offer","₹15,990",4.1 out of 5 stars,https://m.media-amazon.com/images/I/618W0tfpDkL._AC_UL320_.jpg
"(Renewed) OPPO F17 (Navy Blue, 6GB RAM, 128GB Storage) with No Cost EMI/Additional Exchange Offers","₹17,899",3.7 out of 5 stars,https://m.media-amazon.com/images/I/61R1kBKUWRL._AC_UL320_.jpg
"Infinix Zero 8i (Silver Diamond, 8GB RAM, 128GB Storage)","₹20,499",3.9 out of 5 stars,https://m.media-amazon.com/images/I/71rKs5WKnnL._AC_UL320_.jpg
"realme 6 Pro Smartphone (Lightening Blue, 128 GB, 8 GB RAM)","₹13,999",3.4 out of 5 stars,https://m.media-amazon.com/images/I/61Eowr9u8kL._AC_UL320_.jpg
"Mi Xiaomi Redmi Note 6 Pro (4 GB, 64 GB, Blue)","₹14,999",2.5 out of 5 stars,https://m.media-amazon.com/images/I/61g3QDDM07L._AC_UL320_.jpg
"Redmi Note 4 (Black, 64GB)","₹18,875",4.2 out of 5 stars,https://m.media-amazon.com/images/I/81+ABCJR0XL._AC_UL320_.jpg
"(Renewed) Redmi Note 9 Pro (Interstellar Black, 6GB RAM, 128GB Storage) - Latest 8nm Snapdragon 720G & Alexa Hands-Free","₹24,990",4.1 out of 5 stars,https://m.media-amazon.com/images/I/61cGTOI9l5L._AC_UL320_.jpg
"(Renewed) Redmi Note 9 Pro (Aurora Blue, 6GB RAM, 128GB Storage) - Latest 8nm Snapdragon 720G & Alexa Hands-Free","₹13,899",3.9 out of 5 stars,https://m.media-amazon.com/images/I/71flEU3qP1L._AC_UL320_.jpg
"(Renewed) Redmi Note 9 (Aqua Green, 4GB RAM, 128GB Storage) - 48MP Quad Camera & Full HD+ Display","₹20,999",3.5 out of 5 stars,https://m.media-amazon.com/images/I/71+HWq3N3mL._AC_UL320_.jpg
"(Renewed) MI Poco M2 Pro (Green and Greener, 6GB RAM, 64GB Storage)","₹12,799",4.2 out of 5 stars,https://m.media-amazon.com/images/I/61bpDVb+k2L._AC_UL320_.jpg
"Infinix Hot 10 (Amber Red, 6 GB RAM / 128 GB Storage)","₹13,999",5.0 out of 5 stars,https://m.media-amazon.com/images/I/71kiS6nvJEL._AC_UL320_.jpg
"Gionee A1 (Grey, 64GB)","₹19,479",5.0 out of 5 stars,https://m.media-amazon.com/images/I/71yidw0eCFL._AC_UL320_.jpg
"Vivo Y20 (Purist Blue, 6GB RAM, 64GB Storage) with No Cost EMI/Additional Exchange Offers + vivo Color Wired Earphones with Mic and 3.5mm Jack (White)","₹24,999",3.3 out of 5 stars,https://m.media-amazon.com/images/I/71qjo+PgB0L._AC_UL320_.jpg
"Infinix Hot 10 (Ocean Wave, 64 GBROM) (4 GB RAM)","₹10,499",4.1 out of 5 stars,https://m.media-amazon.com/images/I/316qEqAvrUL._AC_UL320_.jpg
"(Renewed) Redmi Note 8 Pro (Halo White, 6GB RAM, 128GB Storage with Helio G90T Processor)","₹12,999",3.9 out of 5 stars,https://m.media-amazon.com/images/I/61ACGAKmw3L._AC_UL320_.jpg
"Samsung Galaxy On Max (Gold, 32 GB) (4 GB RAM)","₹16,099",4.2 out of 5 stars,https://m.media-amazon.com/images/I/31duhywlgRL._AC_UL320_.jpg
"Huawei Y9 Prime 2019 (Emerald Green, 4GB RAM, 128GB Storage)","₹19,999",4.2 out of 5 stars,https://m.media-amazon.com/images/I/516TmRC8uHL._AC_UL320_.jpg
"(Renewed) Realme Narzo 20 Pro (White Knight, 6 GB RAM, 64 GB Storage)","₹11,998",3.6 out of 5 stars,https://m.media-amazon.com/images/I/41L9fqzJbRL._AC_UL320_.jpg
"Redmi Mi Note 6 Pro (Rose Gold, 6GB RAM, 64GB Storage)","₹13,199",3.3 out of 5 stars,https://m.media-amazon.com/images/I/51sCwWaqwvL._AC_UL320_.jpg
"Redmi Note 7 (Onyx Black, 4GB RAM, 64GB Storage)","₹10,299",3.8 out of 5 stars,https://m.media-amazon.com/images/I/51SEU5IoKIL._AC_UL320_.jpg
"(Renewed) Nokia 3.4 (Fjord, 4GB RAM, 64GB Storage) with No Cost EMI/Additional Exchange Offers","₹10,999",3.9 out of 5 stars,https://m.media-amazon.com/images/I/51vShOoFv3L._AC_UL320_.jpg
"Realme 7 (Mist Blue, 6GB RAM, 64GB Storage)","₹10,666",4.2 out of 5 stars,https://m.media-amazon.com/images/I/41bZqMUi9IL._AC_UL320_.jpg
"Samsung Galaxy M12 (Black,4GB RAM, 64GB Storage) 6000 mAh with 8nm Processor | True 48 MP Quad Camera | 90Hz Refresh Rate","₹14,999",3.5 out of 5 stars,https://m.media-amazon.com/images/I/714QWDxXgNL._AC_UL320_.jpg
"Micromax in Note 1 (Green, 4GB RAM, 64GB Storage)","₹10,999",4.3 out of 5 stars,https://m.media-amazon.com/images/I/61RN7EhjLtL._AC_UL320_.jpg
"OPPO A53 (Fairy White, 4GB RAM, 64GB Storage) + OPPO Wired Earphone","₹12,999",4.0 out of 5 stars,https://m.media-amazon.com/images/I/81Kh5T4UDeL._AC_UL320_.jpg
"Vivo Y51A (Titanium Sapphire, 8GB RAM, 128GB RAB) + vivo Color Wired Earphones with Mic and 3.5mm Jack (White)","₹12,999",3.2 out of 5 stars,https://m.media-amazon.com/images/I/81pwHLMf3FL._AC_UL320_.jpg
"Mi Note 7 Pro (Neptune Blue, 64GB, 6GB RAM)","₹18,999",4.3 out of 5 stars,https://m.media-amazon.com/images/I/61GCPIkotsL._AC_UL320_.jpg
"Nokia 3.2 (Black, 3GB RAM, 32GB Storage)","₹13,990",3.8 out of 5 stars,https://m.media-amazon.com/images/I/81dOOs7xhLL._AC_UL320_.jpg
"Samsung Galaxy A12 (Blue,4GB RAM, 64GB Storage) Without Offers","₹19,990",3.3 out of 5 stars,https://m.media-amazon.com/images/I/91te-9mP2JL._AC_UL320_.jpg
"(Renewed) OPPO F17 (Dynamic Orange, 6GB RAM, 128GB Storage) with No Cost EMI/Additional Exchange Offers","₹13,990",3.6 out of 5 stars,https://m.media-amazon.com/images/I/61Ymzd7p5ML._AC_UL320_.jpg
"(Renewed) Realme 7 (Mist White, 64 GB) (6 GB RAM)","₹15,990",4.2 out of 5 stars,https://m.media-amazon.com/images/I/41706en2eBL._AC_UL320_.jpg
"Vivo Y20 (Obsidian Black, 4GB RAM, 64GB Storage) with Infinity (JBL) Wireless Neckband Earphones","₹10,099",4.0 out of 5 stars,https://m.media-amazon.com/images/I/61l9OCm-u3L._AC_UL320_.jpg
"Samsung Galaxy M11 (Metallic Blue, 3GB RAM, 32GB Storage) Without Offer","₹13,999",3.5 out of 5 stars,https://m.media-amazon.com/images/I/71hqi389rcL._AC_UL320_.jpg
"MI Poco M2 Pro (Two Shades of Black, 6GB RAM, 64GB Storage)","₹17,499",4.0 out of 5 stars,https://m.media-amazon.com/images/I/81KSUbYKyYL._AC_UL320_.jpg
"Redmi Note 7S (4GB, 64GB, Onyx Black)","₹18,999",4.2 out of 5 stars,https://m.media-amazon.com/images/I/51RyYe9toxL._AC_UL320_.jpg
Vivo V11 (Starry Night Black),"₹12,799",4.0 out of 5 stars,https://m.media-amazon.com/images/I/51ldC3-JADL._AC_UL320_.jpg
"Vivo Y31 (Racing Black, 6GB RAM, 128GB RAB) + vivo Color Wired Earphones with Mic and 3.5mm Jack (Black)","₹16,990",5.0 out of 5 stars,https://m.media-amazon.com/images/I/81CMrJNCEBL._AC_UL320_.jpg
INFINIX HOT 10 4GB RAM 64GB ROM,"₹12,999",4.2 out of 5 stars,https://m.media-amazon.com/images/I/31YBIJdhuUL._AC_UL320_.jpg
"Realme 5 Pro (Chroma White, 8GB RAM, 128 GB Storage)","₹16,999",4.2 out of 5 stars,https://m.media-amazon.com/images/I/51WeC17h7EL._AC_UL320_.jpg
"(Renewed) MI Poco M2 Pro (Green and Greener, 4GB RAM, 64GB Storage)","₹13,990",3.0 out of 5 stars,https://m.media-amazon.com/images/I/61bpDVb+k2L._AC_UL320_.jpg
"OPPO A15S (White, 4GB RAM, 64GB Storage) + OPPO Wired Earphone","₹15,999",3.7 out of 5 stars,https://m.media-amazon.com/images/I/715Isbdo2YL._AC_UL320_.jpg
"Vivo Y51A (Titanium Sapphire, 8GB RAM, 128GB RAB) + vivo Color Wired Earphones with Mic and 3.5mm Jack (Black)","₹10,288",3.9 out of 5 stars,https://m.media-amazon.com/images/I/81Tlxylv7nL._AC_UL320_.jpg
"Oppo mobile A5 2020 (Dazzling White, 4GB RAM, 64GB Storage)","₹11,999",4.2 out of 5 stars,https://m.media-amazon.com/images/I/41JGw1eOMsL._AC_UL320_.jpg
"Redmi K20 (Carbon Black, 6GB RAM, 64GB Storage)","₹10,100",4.0 out of 5 stars,https://m.media-amazon.com/images/I/71CneCqA-VL._AC_UL320_.jpg
"Vivo Y20A (Nebula Blue, 3GB, 64GB) with No Cost EMI/Additional Exchange Offers + vivo Color Wired Earphones with Mic and 3.5mm Jack (White)","₹11,999",4.2 out of 5 stars,https://m.media-amazon.com/images/I/81LY5Zsy9HL._AC_UL320_.jpg
"(Renewed) Redmi K20 (Carbon Black, 6GB RAM, 128GB Storage)","₹9,290",3.6 out of 5 stars,https://m.media-amazon.com/images/I/31YSqF8h2PL._AC_UL320_.jpg
"(Renewed) Realme Narzo 20 Pro (Black Ninja, 6 GB RAM, 64 GB Storage)","₹10,999",3.9 out of 5 stars,https://m.media-amazon.com/images/I/41L9fqzJbRL._AC_UL320_.jpg
"Samsung Galaxy M12 (Black,4GB RAM, 64GB Storage) 6000 mAh with 8nm Processor | True 48 MP Quad Camera | 90Hz Refresh Rate","₹16,999",4.1 out of 5 stars,https://m.media-amazon.com/images/I/714QWDxXgNL._AC_UL320_.jpg
"Samsung Galaxy A12 (White,4GB RAM, 128GB Storage) Without Offers","₹20,999",4.2 out of 5 stars,https://m.media-amazon.com/images/I/91C59JQuC2L._AC_UL320_.jpg
"Vivo Y20 (Obsidian Black, 6GB RAM, 64GB Storage) with No Cost EMI/Additional Exchange Offers + vivo Color Wired Earphones with Mic and 3.5mm Jack (Black)","₹14,999",4.2 out of 5 stars,https://m.media-amazon.com/images/I/71S2h90MDUL._AC_UL320_.jpg
(Renewed) Moto One Power (P30) Note (4+64GB) Black (Black),"₹22,999",3.0 out of 5 stars,https://m.media-amazon.com/images/I/61Z5WlWZ9vL._AC_UL320_.jpg
"(Renewed) Redmi Note 9 (Pebble Grey, 4GB RAM, 128GB Storage) - 48MP Quad Camera & Full HD+ Display","₹10,999",5.0 out of 5 stars,https://m.media-amazon.com/images/I/71+HWq3N3mL._AC_UL320_.jpg
"Poco X3 (Shadow Gray, 6GB RAM / 64GB Storage)","₹13,999",4.2 out of 5 stars,https://m.media-amazon.com/images/I/81UbmzpYyjL._AC_UL320_.jpg
"Honor 7C (Black, 4GB RAM, 64GB Storage)","₹14,999",4.3 out of 5 stars,https://m.media-amazon.com/images/I/71fV1qoXHqL._AC_UL320_.jpg
"Gionee P7 Max (Gold, 3GB RAM, 32GB Storage)","₹19,999",5.0 out of 5 stars,https://m.media-amazon.com/images/I/81SPCZlStgL._AC_UL320_.jpg
"Realme C3 (Volcano Grey, 64 GB) (4 GB RAM)","₹12,199",3.7 out of 5 stars,https://m.media-amazon.com/images/I/31U9enEwX6L._AC_UL320_.jpg
Blackberry Classic Black (Imported),"₹15,999",3.9 out of 5 stars,https://m.media-amazon.com/images/I/81Ux-qSWfEL._AC_UL320_.jpg
"(Renewed) OPPO A5 2020 (Dazzling White, 4GB RAM, 64GB Storage) with No Cost EMI/Additional Exchange Offers","₹10,999",4.1 out of 5 stars,https://m.media-amazon.com/images/I/51uYBXQHxxL._AC_UL320_.jpg
"Realme 7i (Fusion Green, 4GB RAM, 128GB Storage)","₹12,999",3.4 out of 5 stars,https://m.media-amazon.com/images/I/61CIORARpuL._AC_UL320_.jpg
"Vivo Y20 (Obsidian Black, 6GB RAM, 64GB Storage) with No Cost EMI/Additional Exchange Offers + vivo Color Wired Earphones with Mic and 3.5mm Jack (White)","₹13,899",4.2 out of 5 stars,https://m.media-amazon.com/images/I/71HHdsNgleL._AC_UL320_.jpg
"Samsung Galaxy A10s (Black, 3GB RAM, 32GB Storage)","₹14,999",2.7 out of 5 stars,https://m.media-amazon.com/images/I/81e6XvJzKgL._AC_UL320_.jpg
"Gionee A1 (Gold, 64GB)","₹13,249",3.8 out of 5 stars,https://m.media-amazon.com/images/I/71CaV5a9Y-L._AC_UL320_.jpg
"(Renewed) Realme 7 (Mist Blue, 128 GB) (8 GB RAM)","₹15,999",3.7 out of 5 stars,https://m.media-amazon.com/images/I/3190PsrBwUL._AC_UL320_.jpg
"Vivo Y20 (Purist Blue, 6GB RAM, 64GB Storage) with No Cost EMI/Additional Exchange Offers + vivo Color Wired Earphones with Mic and 3.5mm Jack (Black)","₹12,490",3.6 out of 5 stars,https://m.media-amazon.com/images/I/71rSccaZhZL._AC_UL320_.jpg
"Samsung Galaxy A20s (Black, 4GB RAM, 64GB Storage)","₹13,999",3.8 out of 5 stars,https://m.media-amazon.com/images/I/71gyuVYDxXL._AC_UL320_.jpg
"(Renewed) M & M PRODUCTS Moto G 5G Ready (6GB+128GB, Frosted )","₹14,299.99",4.2 out of 5 stars,https://m.media-amazon.com/images/I/414iuXmdPxL._AC_UL320_.jpg
"Vivo Y20i (Nebula Blue, 3GB RAM, 64GB ROM) with Boat Wired Earphones","₹17,990",5.0 out of 5 stars,https://m.media-amazon.com/images/I/81XcWMwxB3L._AC_UL320_.jpg
"Redmi Note 5 Pro (Blue, 6GB RAM, 64GB Storage)","₹16,390",4.2 out of 5 stars,https://m.media-amazon.com/images/I/71FIzR3BfDL._AC_UL320_.jpg
"(Renewed) Redmi Note 9 Pro (Champagne Gold, 4GB RAM, 128GB Storage) - Latest 8nm Snapdragon 720G & Alexa Hands-Free","₹18,999",4.2 out of 5 stars,https://m.media-amazon.com/images/I/61Wa5HUh18L._AC_UL320_.jpg
"(Renewed) Redmi Note 8 Pro (Halo White, 8GB RAM, 128GB Storage with Helio G90T Processor)","₹14,999",4.2 out of 5 stars,https://m.media-amazon.com/images/I/61ACGAKmw3L._AC_UL320_.jpg
New BLACKBERRY 9810,"₹18,999",4.2 out of 5 stars,https://m.media-amazon.com/images/I/81NA0fwCKmL._AC_UL320_.jpg
"Vivo Y20i (Dawn White, 3GB RAM, 64GB Storage) with No Cost EMI/Additional Exchange Offers + vivo Color Wired Earphones with Mic and 3.5mm Jack (Black)","₹14,999",3.6 out of 5 stars,https://m.media-amazon.com/images/I/81jq4i9l98L._AC_UL320_.jpg
Smart Phone VIVO Y20 - Black,"₹18,999",3.0 out of 5 stars,https://m.media-amazon.com/images/I/51V0sSOSZxL._AC_UL320_.jpg
"Mi Redmi 8 Ruby Red, 4GB RAM, 64GB Storage Smartphone","₹14,999",3.3 out of 5 stars,https://m.media-amazon.com/images/I/716diFv1ZPL._AC_UL320_.jpg
"Vivo Y30 (Emerald Black, 4GB RAM, 128GB Storage) with Infinity (JBL) Wireless Neckband Earphones","₹15,999",4.2 out of 5 stars,https://m.media-amazon.com/images/I/71WqSjGbVWL._AC_UL320_.jpg
"OPPO A15S (Dynamic Black, 4GB RAM, 64GB Storage) + OPPO Wired Earphone","₹13,989",3.9 out of 5 stars,https://m.media-amazon.com/images/I/71gFChSgn+L._AC_UL320_.jpg
"Gionee A1 (Black, 64GB)","₹14,999",3.1 out of 5 stars,https://m.media-amazon.com/images/I/71ldjYHQuuL._AC_UL320_.jpg
"Vivo Y50 (Pearl White, 8GB RAM, 128GB Storage) Without Offer","₹16,999",4.7 out of 5 stars,https://m.media-amazon.com/images/I/514ETCdN3CL._AC_UL320_.jpg
"Honor 8 Lite 4GB (Black,64GB)","₹20,999",4.1 out of 5 stars,https://m.media-amazon.com/images/I/51zs99G2xZL._AC_UL320_.jpg
"Realme 3i (Diamond Blue, 32 GB) (3 GB RAM)",11989.00,2.4 out of 5 stars,https://m.media-amazon.com/images/I/31zlfKCyfXL._AC_UL320_.jpg
"Vivo Y31 (Ocean Blue, 6GB RAM, 128GB RAB) + vivo Color Wired Earphones with Mic and 3.5mm Jack (Black)",16189.00,4.1 out of 5 stars,https://m.media-amazon.com/images/I/81iC7VWxQvL._AC_UL320_.jpg
Research in motion-Blackberry Torch 9810 Touchscreen Smartphone with 6 Months Plan (Black),"₹15,999",3.7 out of 5 stars,https://m.media-amazon.com/images/I/61IVs3Pvd7L._AC_UL320_.jpg
"Realme 6 (Comet White, 8GB RAM, 128GB Storage)","₹19,999",4.2 out of 5 stars,https://m.media-amazon.com/images/I/71WNLnqx4wL._AC_UL320_.jpg
"(Renewed) Redmi Note 9 Pro (Glacier White, 4GB RAM, 64GB Storage) - Latest 8nm Snapdragon 720G & Alexa Hands-Free","₹13,899",3.0 out of 5 stars,https://m.media-amazon.com/images/I/61nkOca6KrL._AC_UL320_.jpg
Infinix Hot 10 (Moonlight Jade 128 GB)(6 GB RAM),"₹20,999",3.8 out of 5 stars,https://m.media-amazon.com/images/I/31Cn8DbisuL._AC_UL320_.jpg
"Vivo Y20 (Purist Blue, 4GB RAM, 64GB Storage) with No Cost EMI/Additional Exchange Offers + vivo Color Wired Earphones with Mic and 3.5mm Jack (Black)","₹10,899",4.1 out of 5 stars,https://m.media-amazon.com/images/I/71rSccaZhZL._AC_UL320_.jpg
"Vivo Y50 (Iris Blue, 8GB RAM, 128GB Storage) Without Offer","₹11,990",4.2 out of 5 stars,https://m.media-amazon.com/images/I/51-Lt4PMadL._AC_UL320_.jpg
"(Renewed) Samsung Galaxy A12 (Blue,4GB RAM, 64GB Storage) with No Cost EMI/Additional Exchange Offers","₹11,749",3.9 out of 5 stars,https://m.media-amazon.com/images/I/61Fb2iAfa2L._AC_UL320_.jpg
"OPPO A15S (Rainbow Silver, 4GB RAM, 64GB Storage) + OPPO Wired Earphone","₹12,999",2.4 out of 5 stars,https://m.media-amazon.com/images/I/717lAX7-p7L._AC_UL320_.jpg
"Realme C3 (Frozen Blue, 4GB RAM, 64GB Storage)","₹13,798",4.5 out of 5 stars,https://m.media-amazon.com/images/I/61ckfqu00nL._AC_UL320_.jpg
"Vivo Y51A (Crystal Symphony, 8GB RAM, 128GB RAB) + vivo Color Wired Earphones with Mic and 3.5mm Jack (White)","₹14,999",3.8 out of 5 stars,https://m.media-amazon.com/images/I/81iI67PPIGL._AC_UL320_.jpg
Tecno Pova (6GB+128GB) (Speed Purple),"₹11,949",3.7 out of 5 stars,https://m.media-amazon.com/images/I/91CeiukG2XL._AC_UL320_.jpg
"(Renewed) Samsung Galaxy M31 (Ocean Blue, 6GB RAM, 128GB Storage)","₹13,999",3.2 out of 5 stars,https://m.media-amazon.com/images/I/71-Su4Wr0HL._AC_UL320_.jpg
"Vivo Y20i (Nebula Blue, 3GB RAM, 64GB ROM) with Infinity (JBL) Wireless Neckband Earphones","₹15,490",2.7 out of 5 stars,https://m.media-amazon.com/images/I/71I3HEOonDL._AC_UL320_.jpg
"(Renewed) Redmi 9 Power (Blazing Blue, 4GB RAM, 128GB Storage) - 6000mAh Battery | 48MP Quad Camera","₹17,990",2.7 out of 5 stars,https://m.media-amazon.com/images/I/71omx3wK-PL._AC_UL320_.jpg
"(Renewed) Realme 7 Pro (Mirror Blue, 8GB RAM, 128GB Storage)","₹16,499",4.2 out of 5 stars,https://m.media-amazon.com/images/I/51y6ryf+gGL._AC_UL320_.jpg
"Samsung Galaxy M12 (Black,4GB RAM, 64GB Storage) 6000 mAh with 8nm Processor | True 48 MP Quad Camera | 90Hz Refresh Rate","₹20,999",4.0 out of 5 stars,https://m.media-amazon.com/images/I/714QWDxXgNL._AC_UL320_.jpg
"(Renewed) Redmi Note 8 Pro (Halo White, 6GB RAM, 64GB Storage with Helio G90T Processor)","₹10,999",3.9 out of 5 stars,https://m.media-amazon.com/images/I/61ACGAKmw3L._AC_UL320_.jpg
"Nokia 3.2 (Black, 2GB RAM, 16GB Storage)","₹12,999",4.2 out of 5 stars,https://m.media-amazon.com/images/I/81dOOs7xhLL._AC_UL320_.jpg
"Nokia 3.1 Plus (Baltic, 3GB RAM, 32GB Storage)","₹18,999",1.0 out of 5 stars,https://m.media-amazon.com/images/I/51srUsu0DOL._AC_UL320_.jpg
"Honor 10 Lite (Sapphire Blue, 6GB RAM, 64GB Storage)","₹19,990",4.2 out of 5 stars,https://m.media-amazon.com/images/I/81J7MorlW+L._AC_UL320_.jpg
"Realme 7 (Mist Blue, 8GB RAM, 128GB Storage)",10232.00,3.9 out of 5 stars,https://m.media-amazon.com/images/I/41bZqMUi9IL._AC_UL320_.jpg
"Redmi Note 7 Pro (Nebula Red, 128GB, 6GB RAM)",11248.00,4.2 out of 5 stars,https://m.media-amazon.com/images/I/61GCPIkotsL._AC_UL320_.jpg
"Vivo Y20 (Obsidian Black, 6GB RAM, 64GB Storage) with Infinity (JBL) Wireless Neckband Earphones","₹18,935",4.2 out of 5 stars,https://m.media-amazon.com/images/I/61l9OCm-u3L._AC_UL320_.jpg
Panasonic Wireless intercom 5 line,"₹20,999",3.0 out of 5 stars,https://m.media-amazon.com/images/I/71ghRh-0dNL._AC_UL320_.jpg
"Vivo Y11 (Mineral Blue, 3GB RAM, 32GB Storage) with Boat Wired Earphones","₹10,400",4.2 out of 5 stars,https://m.media-amazon.com/images/I/81s1Z4JmjEL._AC_UL320_.jpg
Research in motion-BB BlackBerry Classic with 8MP Primary Camera -Black,"₹12,999",3.6 out of 5 stars,https://m.media-amazon.com/images/I/41nsUkncrDL._AC_UL320_.jpg
